source_group,source_name,source_url,source_year,record_no,date_text,location_text,category_text,body_text,confirmed_date,raw_html_file,parse_note
千歳市,千歳市 2026年度 ヒグマ目撃情報,https://www.city.chitose.lg.jp/c50/1002703/1002708/1006598.html,2026,16,６月３日(水曜日)午後4時40分頃,千歳市真町の青葉公園のおはよう橋から園路に入って東に100m付近,目撃,６月３日(水曜日)午後4時40分頃、千歳市真町の青葉公園のおはよう橋から園路に入って東に100m付近でクマの目撃情報がありました。十分ご注意ください。,2026-06-09,chitose-city_2026_2026-06-09.html,parsed from heading/body pattern; location extracted by direct location before bear phrase
千歳市,千歳市 2026年度 ヒグマ目撃情報,https://www.city.chitose.lg.jp/c50/1002703/1002708/1006598.html,2026,15,5月31日(日曜日)午前7時20分頃,千歳市泉沢の青葉公園のサッカー場付近,目撃,5月31日(日曜日)午前7時20分頃、千歳市泉沢の青葉公園のサッカー場付近でクマの目撃情報がありました。十分ご注意ください。,2026-06-09,chitose-city_2026_2026-06-09.html,parsed from heading/body pattern; location extracted by direct location before bear phrase
千歳市,千歳市 2026年度 ヒグマ目撃情報,https://www.city.chitose.lg.jp/c50/1002703/1002708/1006598.html,2026,14,5月29日(金曜日)午後4時15分頃,千歳市水明郷の道道支笏湖公園線（16号線）の中央バス孵化場入口バス停から支笏湖方面に約1.3キロメートル進んだ付近の道路上,目撃,5月29日(金曜日)午後4時15分頃、千歳市水明郷の道道支笏湖公園線（16号線）の中央バス孵化場入口バス停から支笏湖方面に約1.3キロメートル進んだ付近の道路上でクマの目撃情報がありました。十分ご注意ください。,2026-06-09,chitose-city_2026_2026-06-09.html,parsed from heading/body pattern; location extracted by direct location before bear phrase
千歳市,千歳市 2026年度 ヒグマ目撃情報,https://www.city.chitose.lg.jp/c50/1002703/1002708/1006598.html,2026,13,5月25日(月曜日)午後9時56分頃,千歳市泉沢の青葉公園の芝生広場付近の道央自動車道高架下,目撃,5月25日(月曜日)午後9時56分頃、千歳市泉沢の青葉公園の芝生広場付近の道央自動車道高架下でクマの目撃情報がありました。十分ご注意ください。,2026-06-09,chitose-city_2026_2026-06-09.html,parsed from heading/body pattern; location extracted by direct location before bear phrase
千歳市,千歳市 2026年度 ヒグマ目撃情報,https://www.city.chitose.lg.jp/c50/1002703/1002708/1006598.html,2026,12,5月22日(金曜日)午後20時38分頃,千歳市泉沢の道道支笏湖公園線（16号線）の烏柵舞橋から支笏湖方面に約700メートル進んだ付近の道路上,目撃,5月22日(金曜日)午後20時38分頃、千歳市泉沢の道道支笏湖公園線（16号線）の烏柵舞橋から支笏湖方面に約700メートル進んだ付近の道路上でクマの目撃情報がありました。十分ご注意ください。,2026-06-09,chitose-city_2026_2026-06-09.html,parsed from heading/body pattern; location extracted by direct location before bear phrase
千歳市,千歳市 2026年度 ヒグマ目撃情報,https://www.city.chitose.lg.jp/c50/1002703/1002708/1006598.html,2026,11,5月14日(木曜日)午前9時15分頃,千歳市水明郷の道道支笏湖公園線（16号線）の水明郷パーキングから支笏湖方面に約1キロメートル進んだ付近のサイクリングロード上,目撃,5月14日(木曜日)午前9時15分頃、千歳市水明郷の道道支笏湖公園線（16号線）の水明郷パーキングから支笏湖方面に約1キロメートル進んだ付近のサイクリングロード上でクマの目撃情報がありました。十分ご注意ください。,2026-06-09,chitose-city_2026_2026-06-09.html,parsed from heading/body pattern; location extracted by direct location before bear phrase
千歳市,千歳市 2026年度 ヒグマ目撃情報,https://www.city.chitose.lg.jp/c50/1002703/1002708/1006598.html,2026,10,5月13日(水曜日)午前4時55分頃,千歳市水明郷の道道支笏湖公園線（16号線）の王子製紙第一発電所付近のカーブ,目撃,5月13日(水曜日)午前4時55分頃、千歳市水明郷の道道支笏湖公園線（16号線）の王子製紙第一発電所付近のカーブでクマの目撃情報がありました。十分ご注意ください。,2026-06-09,chitose-city_2026_2026-06-09.html,parsed from heading/body pattern; location extracted by direct location before bear phrase
千歳市,千歳市 2026年度 ヒグマ目撃情報,https://www.city.chitose.lg.jp/c50/1002703/1002708/1006598.html,2026,9,5月12日(火曜日)午後1時05分頃,千歳市水明郷の道道支笏湖公園線（16号線）の王子製紙第一発電所付近のカーブから東へ約500メートル進んだサイクリングロード付近,目撃,5月12日(火曜日)午後1時05分頃、千歳市水明郷の道道支笏湖公園線（16号線）の王子製紙第一発電所付近のカーブから東へ約500メートル進んだサイクリングロード付近でクマの目撃情報がありました。十分ご注意ください。,2026-06-09,chitose-city_2026_2026-06-09.html,parsed from heading/body pattern; location extracted by direct location before bear phrase
千歳市,千歳市 2026年度 ヒグマ目撃情報,https://www.city.chitose.lg.jp/c50/1002703/1002708/1006598.html,2026,8,5月9日(土曜日)午後19時09分頃,千歳市支寒内の国道276号線、洞門橋付近,目撃,5月9日(土曜日)午後19時09分頃、千歳市支寒内の国道276号線、洞門橋付近でクマの目撃情報がありました。十分ご注意ください。,2026-06-09,chitose-city_2026_2026-06-09.html,parsed from heading/body pattern; location extracted by direct location before bear phrase
千歳市,千歳市 2026年度 ヒグマ目撃情報,https://www.city.chitose.lg.jp/c50/1002703/1002708/1006598.html,2026,7,5月8日(金曜日)午後1時10分頃,千歳市水明郷の道道支笏湖公園線（16号線）の中央バス第一発電所バス停から東へ2.5キロメートルの地点,目撃,5月8日(金曜日)午後1時10分頃、千歳市水明郷の道道支笏湖公園線（16号線）の中央バス第一発電所バス停から東へ2.5キロメートルの地点でクマの目撃情報がありました。十分ご注意ください。,2026-06-09,chitose-city_2026_2026-06-09.html,parsed from heading/body pattern; location extracted by direct location before bear phrase
千歳市,千歳市 2026年度 ヒグマ目撃情報,https://www.city.chitose.lg.jp/c50/1002703/1002708/1006598.html,2026,6,4月23日(木曜日)午後0時37分頃,千歳市支寒内の樽前山から風不死岳に至る稜線と7合目駐車場から風不死岳へ至る登山道との分岐点から風不死岳方向に200メートル地点,足跡,4月23日(木曜日)午後0時37分頃、千歳市支寒内の樽前山から風不死岳に至る稜線と7合目駐車場から風不死岳へ至る登山道との分岐点から風不死岳方向に200メートル地点においてクマの足跡の目撃情報がありました。山開き前で、登山者が少ない時期ですので十分ご注意ください。,2026-06-09,chitose-city_2026_2026-06-09.html,parsed from heading/body pattern; location extracted by location with において phrase
千歳市,千歳市 2026年度 ヒグマ目撃情報,https://www.city.chitose.lg.jp/c50/1002703/1002708/1006598.html,2026,5,4月21日(火曜日)午後3時37分頃,千歳市水明郷の道道支笏湖公園線（16号線）の中央バス第一発電所バス停から東へ2キロメートルの地点,目撃,4月21日(火曜日)午後3時37分頃、千歳市水明郷の道道支笏湖公園線（16号線）の中央バス第一発電所バス停から東へ2キロメートルの地点でクマの目撃情報がありました。十分ご注意ください。,2026-06-09,chitose-city_2026_2026-06-09.html,parsed from heading/body pattern; location extracted by direct location before bear phrase
千歳市,千歳市 2026年度 ヒグマ目撃情報,https://www.city.chitose.lg.jp/c50/1002703/1002708/1006598.html,2026,4,4月20日(月曜日)午後5時25分頃,千歳市西森の道道支笏湖公園線（16号線）の中央バス第一発電所バス停から南へ20メートル地点の西側林内,目撃,4月20日(月曜日)午後5時25分頃、千歳市西森の道道支笏湖公園線（16号線）の中央バス第一発電所バス停から南へ20メートル地点の西側林内でクマの目撃情報がありました。十分ご注意ください。,2026-06-09,chitose-city_2026_2026-06-09.html,parsed from heading/body pattern; location extracted by direct location before bear phrase
千歳市,千歳市 2026年度 ヒグマ目撃情報,https://www.city.chitose.lg.jp/c50/1002703/1002708/1006598.html,2026,3,4月15日(水曜日) 午前9時50分頃,千歳市泉沢の道道泉沢新千歳空港線と真町泉沢大通との交差点から南へ約900メートル進んだ藤の沢の林,目撃,4月15日(水曜日) 午前9時50分頃、千歳市泉沢の道道泉沢新千歳空港線と真町泉沢大通との交差点から南へ約900メートル進んだ藤の沢の林でクマの目撃情報がありました。十分ご注意ください。,2026-06-09,chitose-city_2026_2026-06-09.html,parsed from heading/body pattern; location extracted by direct location before bear phrase
千歳市,千歳市 2026年度 ヒグマ目撃情報,https://www.city.chitose.lg.jp/c50/1002703/1002708/1006598.html,2026,2,4月15日(水曜日) 午前7時10分頃,千歳市美々の国道36号の苫小牧市境から北へ1キロメートル地点付近,目撃,4月15日(水曜日) 午前7時10分頃、千歳市美々の国道36号の苫小牧市境から北へ1キロメートル地点付近で西から東へ道路を横断するクマの目撃情報がありました。十分ご注意ください。,2026-06-09,chitose-city_2026_2026-06-09.html,parsed from heading/body pattern; location extracted by directional movement before bear sighting phrase
千歳市,千歳市 2026年度 ヒグマ目撃情報,https://www.city.chitose.lg.jp/c50/1002703/1002708/1006598.html,2026,1,4月1日(水曜日)午後1時10分頃,千歳市西森の道道支笏湖公園線（16号線）の国道453号分岐点信号から北へ1キロメートル地点,目撃,4月1日(水曜日)午後1時10分頃、千歳市西森の道道支笏湖公園線（16号線）の国道453号分岐点信号から北へ1キロメートル地点で北から南へ移動するクマの目撃情報がありました。十分ご注意ください。,2026-06-09,chitose-city_2026_2026-06-09.html,parsed from heading/body pattern; location extracted by directional movement before bear sighting phrase
千歳市,千歳市 2025年度 ヒグマ目撃情報,https://www.city.chitose.lg.jp/c50/1002703/1002708/1004300.html,2025,74,12月9日(火曜日) 午後2時30分頃,千歳市美々のJR千歳線旧美々駅から北へ約1キロメートル進んだ付近,目撃,12月9日(火曜日) 午後2時30分頃、千歳市美々のJR千歳線旧美々駅から北へ約1キロメートル進んだ付近でクマの目撃情報がありました。十分ご注意ください。,2026-06-09,chitose-city_2025_2026-06-09.html,parsed from heading/body pattern; location extracted by direct location before bear phrase
千歳市,千歳市 2025年度 ヒグマ目撃情報,https://www.city.chitose.lg.jp/c50/1002703/1002708/1004300.html,2025,73,11月30日(日曜日) 午前11時00分頃,千歳市根志越の根志越橋から南西へ約300メートル進んだ付近,目撃,11月30日(日曜日) 午前11時00分頃、千歳市根志越の根志越橋から南西へ約300メートル進んだ付近でクマの目撃情報がありました。十分ご注意ください。,2026-06-09,chitose-city_2025_2026-06-09.html,parsed from heading/body pattern; location extracted by direct location before bear phrase
千歳市,千歳市 2025年度 ヒグマ目撃情報,https://www.city.chitose.lg.jp/c50/1002703/1002708/1004300.html,2025,72,11月23日(日曜日) 午前1時10分頃,千歳市美々の国道36号の苫小牧市との境界から北西へ約900メートル進んだ付近,目撃,11月23日(日曜日) 午前1時10分頃、千歳市美々の国道36号の苫小牧市との境界から北西へ約900メートル進んだ付近でクマの目撃情報がありました。十分ご注意ください。,2026-06-09,chitose-city_2025_2026-06-09.html,parsed from heading/body pattern; location extracted by direct location before bear phrase
千歳市,千歳市 2025年度 ヒグマ目撃情報,https://www.city.chitose.lg.jp/c50/1002703/1002708/1004300.html,2025,71,11月13日(木曜日) 午後2時20分頃,千歳市美々のJR千歳線旧美々駅から北へ約600メートル進んだ付近,目撃,11月13日(木曜日) 午後2時20分頃、千歳市美々のJR千歳線旧美々駅から北へ約600メートル進んだ付近でクマの目撃情報がありました。十分ご注意ください。,2026-06-09,chitose-city_2025_2026-06-09.html,parsed from heading/body pattern; location extracted by direct location before bear phrase
千歳市,千歳市 2025年度 ヒグマ目撃情報,https://www.city.chitose.lg.jp/c50/1002703/1002708/1004300.html,2025,70,11月12日(水曜日) 午前8時40分頃,千歳市新川の道道幌内三川停車場線の黒沢橋から西へ約1.7キロメートル進んだ付近,足跡,11月12日(水曜日) 午前8時40分頃、千歳市新川の道道幌内三川停車場線の黒沢橋から西へ約1.7キロメートル進んだ付近でクマの足跡が発見されました。十分ご注意ください。,2026-06-09,chitose-city_2025_2026-06-09.html,parsed from heading/body pattern; location extracted by direct location before bear phrase
千歳市,千歳市 2025年度 ヒグマ目撃情報,https://www.city.chitose.lg.jp/c50/1002703/1002708/1004300.html,2025,69,11月7日(金曜日) 午前5時35分頃,千歳市福住1丁目と文京5丁目の境界付近,目撃,11月7日(金曜日) 午前5時35分頃、千歳市福住1丁目と文京5丁目の境界付近でクマの目撃情報がありました。十分ご注意ください。,2026-06-09,chitose-city_2025_2026-06-09.html,parsed from heading/body pattern; location extracted by direct location before bear phrase
千歳市,千歳市 2025年度 ヒグマ目撃情報,https://www.city.chitose.lg.jp/c50/1002703/1002708/1004300.html,2025,68,11月5日(水曜日) 午前7時40分頃,千歳市柏台の鉄北通用水橋付近,目撃,11月5日(水曜日) 午前7時40分頃、千歳市柏台の鉄北通用水橋付近でクマの目撃情報がありました。十分ご注意ください。,2026-06-09,chitose-city_2025_2026-06-09.html,parsed from heading/body pattern; location extracted by direct location before bear phrase
千歳市,千歳市 2025年度 ヒグマ目撃情報,https://www.city.chitose.lg.jp/c50/1002703/1002708/1004300.html,2025,67,11月2日(日曜日) 午後5時47分頃,千歳市流通1丁目の日の出大通の駒里方面分岐から南へ100メートル進んだ付近,目撃,11月2日(日曜日) 午後5時47分頃、千歳市流通1丁目の日の出大通の駒里方面分岐から南へ100メートル進んだ付近でクマの目撃情報がありました。十分ご注意ください。,2026-06-09,chitose-city_2025_2026-06-09.html,parsed from heading/body pattern; location extracted by direct location before bear phrase
千歳市,千歳市 2025年度 ヒグマ目撃情報,https://www.city.chitose.lg.jp/c50/1002703/1002708/1004300.html,2025,66,10月31日（金曜日) 午前7時40分頃,千歳市中央の国道337号のコムカラ峠に向かう分岐から500メートル南へ進んだ付近,目撃,10月31日（金曜日) 午前7時40分頃、千歳市中央の国道337号のコムカラ峠に向かう分岐から500メートル南へ進んだ付近でクマの目撃情報がありました。十分ご注意ください。,2026-06-09,chitose-city_2025_2026-06-09.html,parsed from heading/body pattern; location extracted by direct location before bear phrase
千歳市,千歳市 2025年度 ヒグマ目撃情報,https://www.city.chitose.lg.jp/c50/1002703/1002708/1004300.html,2025,65,10月29日(水曜日) 午後4時00分頃,千歳市美々の美々公園の山林,目撃,10月29日(水曜日) 午後4時00分頃、千歳市美々の美々公園の山林でクマの目撃情報がありました。十分ご注意ください。,2026-06-09,chitose-city_2025_2026-06-09.html,parsed from heading/body pattern; location extracted by direct location before bear phrase
千歳市,千歳市 2025年度 ヒグマ目撃情報,https://www.city.chitose.lg.jp/c50/1002703/1002708/1004300.html,2025,64,10月29日(水曜日) 午前9時30分頃,千歳市駒里の千歳川上流地区河川防災ステーション付近,足跡,10月29日(水曜日) 午前9時30分頃、千歳市駒里の千歳川上流地区河川防災ステーション付近でクマの足跡が発見されました。十分ご注意ください。,2026-06-09,chitose-city_2025_2026-06-09.html,parsed from heading/body pattern; location extracted by direct location before bear phrase
千歳市,千歳市 2025年度 ヒグマ目撃情報,https://www.city.chitose.lg.jp/c50/1002703/1002708/1004300.html,2025,63,10月28日(火曜日) 午後10時50分頃,千歳市旭ヶ丘1丁目付近,目撃,10月28日(火曜日) 午後10時50分頃、千歳市旭ヶ丘1丁目付近でクマの目撃情報がありました。十分ご注意ください。,2026-06-09,chitose-city_2025_2026-06-09.html,parsed from heading/body pattern; location extracted by direct location before bear phrase
千歳市,千歳市 2025年度 ヒグマ目撃情報,https://www.city.chitose.lg.jp/c50/1002703/1002708/1004300.html,2025,62,10月26日(日曜日) 午後4時45分頃,千歳市大和4丁目の指宿公園のパークゴルフ場付近,目撃,10月26日(日曜日) 午後4時45分頃、千歳市大和4丁目の指宿公園のパークゴルフ場付近でクマの目撃情報がありました。十分ご注意ください。,2026-06-09,chitose-city_2025_2026-06-09.html,parsed from heading/body pattern; location extracted by direct location before bear phrase
千歳市,千歳市 2025年度 ヒグマ目撃情報,https://www.city.chitose.lg.jp/c50/1002703/1002708/1004300.html,2025,61,10月25日(土曜日) 午後4時00分頃,千歳市青葉丘の鉄北通用水橋から北西へ約300メートル進んだ付近,目撃,10月25日(土曜日) 午後4時00分頃、千歳市青葉丘の鉄北通用水橋から北西へ約300メートル進んだ付近でクマの目撃情報がありました。十分ご注意ください。,2026-06-09,chitose-city_2025_2026-06-09.html,parsed from heading/body pattern; location extracted by direct location before bear phrase
千歳市,千歳市 2025年度 ヒグマ目撃情報,https://www.city.chitose.lg.jp/c50/1002703/1002708/1004300.html,2025,60,10月24日(金曜日)午前3時40分頃,千歳市西森の道道支笏湖公園線（16号線）の国道453号分岐点信号付近,目撃,10月24日(金曜日)午前3時40分頃、千歳市西森の道道支笏湖公園線（16号線）の国道453号分岐点信号付近で南から北へ横断するクマの目撃情報がありました。十分ご注意ください。,2026-06-09,chitose-city_2025_2026-06-09.html,parsed from heading/body pattern; location extracted by directional movement before bear sighting phrase
千歳市,千歳市 2025年度 ヒグマ目撃情報,https://www.city.chitose.lg.jp/c50/1002703/1002708/1004300.html,2025,59,10月22日(水曜日) 午後4時20分頃,千歳市真町の青葉公園内なかよしひろば付近,目撃,10月22日(水曜日) 午後4時20分頃、千歳市真町の青葉公園内なかよしひろば付近でクマの目撃情報がありました。十分ご注意ください。,2026-06-09,chitose-city_2025_2026-06-09.html,parsed from heading/body pattern; location extracted by direct location before bear phrase
千歳市,千歳市 2025年度 ヒグマ目撃情報,https://www.city.chitose.lg.jp/c50/1002703/1002708/1004300.html,2025,58,10月22日(水曜日)午後1時00分頃,千歳市北信濃の北千歳駐屯地に隣接する演習場内,目撃,10月22日(水曜日)午後1時00分頃、千歳市北信濃の北千歳駐屯地に隣接する演習場内でクマの目撃情報がありました。十分ご注意ください。,2026-06-09,chitose-city_2025_2026-06-09.html,parsed from heading/body pattern; location extracted by direct location before bear phrase
千歳市,千歳市 2025年度 ヒグマ目撃情報,https://www.city.chitose.lg.jp/c50/1002703/1002708/1004300.html,2025,57,10月21日(火曜日) 午後8時55分頃,千歳市泉沢の真町泉沢大通の市民スキー場バス停から千歳市街地方面へ約100メートル進んだ付近,目撃,10月21日(火曜日) 午後8時55分頃、千歳市泉沢の真町泉沢大通の市民スキー場バス停から千歳市街地方面へ約100メートル進んだ付近でクマの目撃情報がありました。十分ご注意ください。,2026-06-09,chitose-city_2025_2026-06-09.html,parsed from heading/body pattern; location extracted by direct location before bear phrase
千歳市,千歳市 2025年度 ヒグマ目撃情報,https://www.city.chitose.lg.jp/c50/1002703/1002708/1004300.html,2025,56,10月16日(木曜日) 午後4時20分頃,千歳市水明郷の道道支笏湖公園線（16号線）の烏柵舞林道入口から支笏湖方面に約300メートル進んだ付近,目撃,10月16日(木曜日) 午後4時20分頃、千歳市水明郷の道道支笏湖公園線（16号線）の烏柵舞林道入口から支笏湖方面に約300メートル進んだ付近でクマの目撃情報がありました。十分ご注意ください。,2026-06-09,chitose-city_2025_2026-06-09.html,parsed from heading/body pattern; location extracted by direct location before bear phrase
千歳市,千歳市 2025年度 ヒグマ目撃情報,https://www.city.chitose.lg.jp/c50/1002703/1002708/1004300.html,2025,55,10月16日(木曜日)午後2時10分頃,千歳市蘭越の道道支笏湖公園線（16号線）の蘭越共同墓地入口付近,目撃,10月16日(木曜日)午後2時10分頃、千歳市蘭越の道道支笏湖公園線（16号線）の蘭越共同墓地入口付近でクマの目撃情報がありました。十分ご注意ください。,2026-06-09,chitose-city_2025_2026-06-09.html,parsed from heading/body pattern; location extracted by direct location before bear phrase
千歳市,千歳市 2025年度 ヒグマ目撃情報,https://www.city.chitose.lg.jp/c50/1002703/1002708/1004300.html,2025,54,10月16日(木曜日) 午前11時50分頃,千歳市水明郷の道道支笏湖公園線（16号線）の水明郷パーキングから支笏湖方面へ約300メートル進んだ付近,目撃,10月16日(木曜日) 午前11時50分頃、千歳市水明郷の道道支笏湖公園線（16号線）の水明郷パーキングから支笏湖方面へ約300メートル進んだ付近でクマの目撃情報がありました。十分ご注意ください。,2026-06-09,chitose-city_2025_2026-06-09.html,parsed from heading/body pattern; location extracted by direct location before bear phrase
千歳市,千歳市 2025年度 ヒグマ目撃情報,https://www.city.chitose.lg.jp/c50/1002703/1002708/1004300.html,2025,53,10月8日(水曜日) 午後4時40分頃,千歳市中央のコムカラ峠付近,目撃,10月8日(水曜日) 午後4時40分頃、千歳市中央のコムカラ峠付近でクマの目撃情報がありました。十分ご注意ください。,2026-06-09,chitose-city_2025_2026-06-09.html,parsed from heading/body pattern; location extracted by direct location before bear phrase
千歳市,千歳市 2025年度 ヒグマ目撃情報,https://www.city.chitose.lg.jp/c50/1002703/1002708/1004300.html,2025,52,9月27日(土曜日) 午後4時35分頃,千歳市水明郷の道道支笏湖公園線（16号線）の水明郷パーキングから支笏湖方面へ約2キロメートル進んだ付近,目撃,9月27日(土曜日) 午後4時35分頃、千歳市水明郷の道道支笏湖公園線（16号線）の水明郷パーキングから支笏湖方面へ約2キロメートル進んだ付近でクマの目撃情報がありました。十分ご注意ください。,2026-06-09,chitose-city_2025_2026-06-09.html,parsed from heading/body pattern; location extracted by direct location before bear phrase
千歳市,千歳市 2025年度 ヒグマ目撃情報,https://www.city.chitose.lg.jp/c50/1002703/1002708/1004300.html,2025,51,9月24日(水曜日) 午後6時30分頃,千歳市美笛の国道276号から道道支笏湖線（78号線）へ約300メートル進んだ付近,目撃,9月24日(水曜日) 午後6時30分頃、千歳市美笛の国道276号から道道支笏湖線（78号線）へ約300メートル進んだ付近で東から西へ横断するクマの目撃情報がありました。十分ご注意ください。,2026-06-09,chitose-city_2025_2026-06-09.html,parsed from heading/body pattern; location extracted by directional movement before bear sighting phrase
千歳市,千歳市 2025年度 ヒグマ目撃情報,https://www.city.chitose.lg.jp/c50/1002703/1002708/1004300.html,2025,50,9月20日(土曜日) 午後3時15分頃,千歳市幌美内の国道453号丸駒橋付近,目撃,9月20日(土曜日) 午後3時15分頃、千歳市幌美内の国道453号丸駒橋付近でクマの目撃情報がありました。十分ご注意ください。,2026-06-09,chitose-city_2025_2026-06-09.html,parsed from heading/body pattern; location extracted by direct location before bear phrase
千歳市,千歳市 2025年度 ヒグマ目撃情報,https://www.city.chitose.lg.jp/c50/1002703/1002708/1004300.html,2025,49,9月15日(月曜日) 午前1時00分頃,千歳市若草1丁目の真町泉沢大通の向陽台入口バス停から北東へ約200メートル進んだ付近,目撃,9月15日(月曜日) 午前1時00分頃、千歳市若草1丁目の真町泉沢大通の向陽台入口バス停から北東へ約200メートル進んだ付近で南から北へ横断するクマの目撃情報がありました。十分ご注意ください。,2026-06-09,chitose-city_2025_2026-06-09.html,parsed from heading/body pattern; location extracted by directional movement before bear sighting phrase
千歳市,千歳市 2025年度 ヒグマ目撃情報,https://www.city.chitose.lg.jp/c50/1002703/1002708/1004300.html,2025,48,8月22日（金曜日）午後6時00分頃,千歳市西森の道道支笏湖公園線（16号線）の国道453号分岐点信号から千歳市街地方面へ約200メートル進んだ付近,目撃,8月22日（金曜日）午後6時00分頃、千歳市西森の道道支笏湖公園線（16号線）の国道453号分岐点信号から千歳市街地方面へ約200メートル進んだ付近でクマの目撃情報がありました。十分ご注意ください。,2026-06-09,chitose-city_2025_2026-06-09.html,parsed from heading/body pattern; location extracted by direct location before bear phrase
千歳市,千歳市 2025年度 ヒグマ目撃情報,https://www.city.chitose.lg.jp/c50/1002703/1002708/1004300.html,2025,47,8月20日(水曜日) 午前11時00分頃,千歳市美々の美々公園の山林,目撃,8月20日(水曜日) 午前11時00分頃、千歳市美々の美々公園の山林でクマの目撃情報がありました。十分ご注意ください。,2026-06-09,chitose-city_2025_2026-06-09.html,parsed from heading/body pattern; location extracted by direct location before bear phrase
千歳市,千歳市 2025年度 ヒグマ目撃情報,https://www.city.chitose.lg.jp/c50/1002703/1002708/1004300.html,2025,46,8月16日(土曜日)午前5時10分頃,千歳市西森の道道支笏湖公園線（16号線）の国道453号分岐点信号付近,目撃,8月16日(土曜日)午前5時10分頃、千歳市西森の道道支笏湖公園線（16号線）の国道453号分岐点信号付近で北から南へ横断するクマの目撃情報がありました。十分ご注意ください。,2026-06-09,chitose-city_2025_2026-06-09.html,parsed from heading/body pattern; location extracted by directional movement before bear sighting phrase
千歳市,千歳市 2025年度 ヒグマ目撃情報,https://www.city.chitose.lg.jp/c50/1002703/1002708/1004300.html,2025,45,8月7日(木曜日) 午後3時20分頃,千歳市平和の道道泉沢新千歳空港線の新千歳空港インターチェンジから東へ約1.3キロメートル進んだ付近,目撃,8月7日(木曜日) 午後3時20分頃、千歳市平和の道道泉沢新千歳空港線の新千歳空港インターチェンジから東へ約1.3キロメートル進んだ付近で南から北へ横断するクマの目撃情報がありました。十分ご注意ください。,2026-06-09,chitose-city_2025_2026-06-09.html,parsed from heading/body pattern; location extracted by directional movement before bear sighting phrase
千歳市,千歳市 2025年度 ヒグマ目撃情報,https://www.city.chitose.lg.jp/c50/1002703/1002708/1004300.html,2025,44,8月6日(水曜日) 午後1時30分頃,千歳市平和の道道泉沢新千歳空港線の新千歳空港インターチェンジから東へ約900メートル進んだ付近,目撃,8月6日(水曜日) 午後1時30分頃、千歳市平和の道道泉沢新千歳空港線の新千歳空港インターチェンジから東へ約900メートル進んだ付近で北から南へ横断するクマの目撃情報がありました。十分ご注意ください,2026-06-09,chitose-city_2025_2026-06-09.html,parsed from heading/body pattern; location extracted by directional movement before bear sighting phrase
千歳市,千歳市 2025年度 ヒグマ目撃情報,https://www.city.chitose.lg.jp/c50/1002703/1002708/1004300.html,2025,43,7月30日(水曜日) 午前6時50分頃,千歳市幌美内のポロピナイ展望台付近,目撃,7月30日(水曜日) 午前6時50分頃、千歳市幌美内のポロピナイ展望台付近でクマの目撃情報がありました。十分ご注意ください。,2026-06-09,chitose-city_2025_2026-06-09.html,parsed from heading/body pattern; location extracted by direct location before bear phrase
千歳市,千歳市 2025年度 ヒグマ目撃情報,https://www.city.chitose.lg.jp/c50/1002703/1002708/1004300.html,2025,42,7月30日(水曜日)午前11時05分頃,千歳市蘭越のノースカントリーゴルフクラブ,目撃,7月30日(水曜日)午前11時05分頃、千歳市蘭越のノースカントリーゴルフクラブでクマの目撃情報がありました。十分ご注意ください。,2026-06-09,chitose-city_2025_2026-06-09.html,parsed from heading/body pattern; location extracted by direct location before bear phrase
千歳市,千歳市 2025年度 ヒグマ目撃情報,https://www.city.chitose.lg.jp/c50/1002703/1002708/1004300.html,2025,41,7月29日(火曜日) 午後2時10分頃,千歳市蘭越のノースカントリーゴルフクラブ,目撃,7月29日(火曜日) 午後2時10分頃、千歳市蘭越のノースカントリーゴルフクラブでクマの目撃情報がありました。十分ご注意ください。,2026-06-09,chitose-city_2025_2026-06-09.html,parsed from heading/body pattern; location extracted by direct location before bear phrase
千歳市,千歳市 2025年度 ヒグマ目撃情報,https://www.city.chitose.lg.jp/c50/1002703/1002708/1004300.html,2025,40,7月28日(月曜日)午前9時30分頃,千歳市協和の道道舞鶴追分線（226号線）の第一近唐橋から北西に約1.3キロメートル進んだ付近の畑,足跡,7月28日(月曜日)午前9時30分頃、千歳市協和の道道舞鶴追分線（226号線）の第一近唐橋から北西に約1.3キロメートル進んだ付近の畑でクマの足跡の発見情報がありました。十分ご注意ください。,2026-06-09,chitose-city_2025_2026-06-09.html,parsed from heading/body pattern; location extracted by direct location before bear phrase
千歳市,千歳市 2025年度 ヒグマ目撃情報,https://www.city.chitose.lg.jp/c50/1002703/1002708/1004300.html,2025,39,7月26日(土曜日)午前7時30分頃,千歳市協和の道道舞鶴追分線（226号線）の第一近唐橋から北西に約1.3キロメートル進んだ付近の畑,足跡,7月26日(土曜日)午前7時30分頃、千歳市協和の道道舞鶴追分線（226号線）の第一近唐橋から北西に約1.3キロメートル進んだ付近の畑でクマの足跡の発見情報がありました。十分ご注意ください。,2026-06-09,chitose-city_2025_2026-06-09.html,parsed from heading/body pattern; location extracted by direct location before bear phrase
千歳市,千歳市 2025年度 ヒグマ目撃情報,https://www.city.chitose.lg.jp/c50/1002703/1002708/1004300.html,2025,38,7月26日(土曜日)午前1時30分頃,千歳市福住4丁目の泉沢学園通,目撃,7月26日(土曜日)午前1時30分頃、千歳市福住4丁目の泉沢学園通でクマの目撃情報がありました。十分ご注意ください。,2026-06-09,chitose-city_2025_2026-06-09.html,parsed from heading/body pattern; location extracted by direct location before bear phrase
千歳市,千歳市 2025年度 ヒグマ目撃情報,https://www.city.chitose.lg.jp/c50/1002703/1002708/1004300.html,2025,37,7月24日(木曜日) 午後3時25分頃,千歳市幌美内のポロピナイ展望台から西へ約700メートル進んだ付近,目撃,7月24日(木曜日) 午後3時25分頃、千歳市幌美内のポロピナイ展望台から西へ約700メートル進んだ付近でクマの目撃情報がありました。十分ご注意ください。,2026-06-09,chitose-city_2025_2026-06-09.html,parsed from heading/body pattern; location extracted by direct location before bear phrase
千歳市,千歳市 2025年度 ヒグマ目撃情報,https://www.city.chitose.lg.jp/c50/1002703/1002708/1004300.html,2025,36,7月23日(水曜日) 午後4時40分頃,千歳市幌美内のポロピナイ展望台付近,目撃,7月23日(水曜日) 午後4時40分頃、千歳市幌美内のポロピナイ展望台付近でクマの目撃情報がありました。十分ご注意ください。,2026-06-09,chitose-city_2025_2026-06-09.html,parsed from heading/body pattern; location extracted by direct location before bear phrase
千歳市,千歳市 2025年度 ヒグマ目撃情報,https://www.city.chitose.lg.jp/c50/1002703/1002708/1004300.html,2025,35,7月18日(金曜日) 午前8時50分頃,千歳市蘭越の第一烏柵舞橋付近,目撃,7月18日(金曜日) 午前8時50分頃、千歳市蘭越の第一烏柵舞橋付近でクマの目撃情報がありました。十分ご注意ください。,2026-06-09,chitose-city_2025_2026-06-09.html,parsed from heading/body pattern; location extracted by direct location before bear phrase
千歳市,千歳市 2025年度 ヒグマ目撃情報,https://www.city.chitose.lg.jp/c50/1002703/1002708/1004300.html,2025,34,7月12日(土曜日) 午前8時45分頃,千歳市美々の国道36号と道道早来千歳線（258号線）の交差点付近,目撃,7月12日(土曜日) 午前8時45分頃、千歳市美々の国道36号と道道早来千歳線（258号線）の交差点付近でクマの目撃情報がありました。十分ご注意ください。,2026-06-09,chitose-city_2025_2026-06-09.html,parsed from heading/body pattern; location extracted by direct location before bear phrase
千歳市,千歳市 2025年度 ヒグマ目撃情報,https://www.city.chitose.lg.jp/c50/1002703/1002708/1004300.html,2025,33,7月8日(火曜日) 午前6時45分頃,千歳市蘭越のノースカントリーゴルフクラブ西側の山林,目撃,7月8日(火曜日) 午前6時45分頃、千歳市蘭越のノースカントリーゴルフクラブ西側の山林でクマの目撃情報がありました。十分ご注意ください。,2026-06-09,chitose-city_2025_2026-06-09.html,parsed from heading/body pattern; location extracted by direct location before bear phrase
千歳市,千歳市 2025年度 ヒグマ目撃情報,https://www.city.chitose.lg.jp/c50/1002703/1002708/1004300.html,2025,32,7月3日(木曜日)午前8時20分頃,千歳市平和の道道泉沢新千歳空港線（1091号線）の新千歳空港インターチェンジから東へ約2キロメートル進んだ付近,目撃,7月3日(木曜日)午前8時20分頃、千歳市平和の道道泉沢新千歳空港線（1091号線）の新千歳空港インターチェンジから東へ約2キロメートル進んだ付近で南から北に横断するクマの目撃情報がありました。十分ご注意ください。,2026-06-09,chitose-city_2025_2026-06-09.html,parsed from heading/body pattern; location extracted by directional movement before bear sighting phrase
千歳市,千歳市 2025年度 ヒグマ目撃情報,https://www.city.chitose.lg.jp/c50/1002703/1002708/1004300.html,2025,31,7月2日(水曜日)午後3時57分頃,千歳市西森の道道支笏湖公園線（16号線）の国道453号分岐点信号から南へ約300メートル進んだ付近,目撃,7月2日(水曜日)午後3時57分頃、千歳市西森の道道支笏湖公園線（16号線）の国道453号分岐点信号から南へ約300メートル進んだ付近でクマの目撃情報がありました。十分ご注意ください。,2026-06-09,chitose-city_2025_2026-06-09.html,parsed from heading/body pattern; location extracted by direct location before bear phrase
千歳市,千歳市 2025年度 ヒグマ目撃情報,https://www.city.chitose.lg.jp/c50/1002703/1002708/1004300.html,2025,30,7月2日(水曜日)午前9時05分頃,千歳市水明郷の道道支笏湖公園線（16号線）の第一発電所バス停から千歳市街地方向へ約400メートル進んだ付近,目撃,7月2日(水曜日)午前9時05分頃、千歳市水明郷の道道支笏湖公園線（16号線）の第一発電所バス停から千歳市街地方向へ約400メートル進んだ付近でクマの目撃情報がありました。十分ご注意ください。,2026-06-09,chitose-city_2025_2026-06-09.html,parsed from heading/body pattern; location extracted by direct location before bear phrase
千歳市,千歳市 2025年度 ヒグマ目撃情報,https://www.city.chitose.lg.jp/c50/1002703/1002708/1004300.html,2025,29,6月28日(土曜日) 午前7時15分頃,千歳市柏台の鉄北通用水橋から南東へ約300メートル進んだ付近,目撃,6月28日(土曜日) 午前7時15分頃、千歳市柏台の鉄北通用水橋から南東へ約300メートル進んだ付近でクマの目撃情報がありました。十分ご注意ください。,2026-06-09,chitose-city_2025_2026-06-09.html,parsed from heading/body pattern; location extracted by direct location before bear phrase
千歳市,千歳市 2025年度 ヒグマ目撃情報,https://www.city.chitose.lg.jp/c50/1002703/1002708/1004300.html,2025,28,6月27日(金曜日) 午後1時00分頃,千歳市幌美内の国道453号と道道丸駒線（730号線）の交差点から西へ約300メートル進んだ付近,目撃,6月27日(金曜日) 午後1時00分頃、千歳市幌美内の国道453号と道道丸駒線（730号線）の交差点から西へ約300メートル進んだ付近でクマの目撃情報がありました。十分ご注意ください。,2026-06-09,chitose-city_2025_2026-06-09.html,parsed from heading/body pattern; location extracted by direct location before bear phrase
千歳市,千歳市 2025年度 ヒグマ目撃情報,https://www.city.chitose.lg.jp/c50/1002703/1002708/1004300.html,2025,27,6月26日(木曜日) 午後7時00分頃,千歳市幌美内の国道453号と道道丸駒線（730号線）の交差点から東へ約800メートル進んだ付近,目撃,6月26日(木曜日) 午後7時00分頃、千歳市幌美内の国道453号と道道丸駒線（730号線）の交差点から東へ約800メートル進んだ付近でクマの目撃情報がありました。十分ご注意ください。,2026-06-09,chitose-city_2025_2026-06-09.html,parsed from heading/body pattern; location extracted by direct location before bear phrase
千歳市,千歳市 2025年度 ヒグマ目撃情報,https://www.city.chitose.lg.jp/c50/1002703/1002708/1004300.html,2025,26,6月23日(月曜日) 午前11時20分頃,千歳市桜木3丁目の勇舞すこやか公園の西側の林付近,目撃,6月23日(月曜日) 午前11時20分頃、千歳市桜木3丁目の勇舞すこやか公園の西側の林付近でクマの目撃情報がありました。十分ご注意ください。,2026-06-09,chitose-city_2025_2026-06-09.html,parsed from heading/body pattern; location extracted by direct location before bear phrase
千歳市,千歳市 2025年度 ヒグマ目撃情報,https://www.city.chitose.lg.jp/c50/1002703/1002708/1004300.html,2025,25,6月15日(日曜日) 午前9時10分頃,千歳市平和の道道泉沢新千歳空港線の新千歳空港インターチェンジから東へ約800メートル進んだ付近,目撃,6月15日(日曜日) 午前9時10分頃、千歳市平和の道道泉沢新千歳空港線の新千歳空港インターチェンジから東へ約800メートル進んだ付近で南から北へ横断するクマの目撃情報がありました。十分ご注意ください。,2026-06-09,chitose-city_2025_2026-06-09.html,parsed from heading/body pattern; location extracted by directional movement before bear sighting phrase
千歳市,千歳市 2025年度 ヒグマ目撃情報,https://www.city.chitose.lg.jp/c50/1002703/1002708/1004300.html,2025,24,6月12日(木曜日)午前8時00分頃,千歳市真々地2丁目付近,足跡,6月12日(木曜日)午前8時00分頃、千歳市真々地2丁目付近でクマの足跡が発見されました。十分にご注意ください。,2026-06-09,chitose-city_2025_2026-06-09.html,parsed from heading/body pattern; location extracted by direct location before bear phrase
千歳市,千歳市 2025年度 ヒグマ目撃情報,https://www.city.chitose.lg.jp/c50/1002703/1002708/1004300.html,2025,23,6月11日(水曜日) 午後11時45分頃,千歳市本町5丁目の国道36号交差点から西に約200メートル進んだ付近,目撃,6月11日(水曜日) 午後11時45分頃、千歳市本町5丁目の国道36号交差点から西に約200メートル進んだ付近でクマの目撃情報がありました。十分ご注意ください。,2026-06-09,chitose-city_2025_2026-06-09.html,parsed from heading/body pattern; location extracted by direct location before bear phrase
千歳市,千歳市 2025年度 ヒグマ目撃情報,https://www.city.chitose.lg.jp/c50/1002703/1002708/1004300.html,2025,22,6月11日(水曜日) 午後8時30分頃,千歳市泉沢の真町泉沢大通の市民スキー場入口付近,目撃,6月11日(水曜日) 午後8時30分頃、千歳市泉沢の真町泉沢大通の市民スキー場入口付近でクマの目撃情報がありました。十分ご注意ください。,2026-06-09,chitose-city_2025_2026-06-09.html,parsed from heading/body pattern; location extracted by direct location before bear phrase
千歳市,千歳市 2025年度 ヒグマ目撃情報,https://www.city.chitose.lg.jp/c50/1002703/1002708/1004300.html,2025,21,6月9日(月曜日) 午後4時45分頃,千歳市泉沢の若草ヒツジ公園,目撃,6月9日(月曜日) 午後4時45分頃、千歳市泉沢の若草ヒツジ公園でクマの目撃情報がありました。十分ご注意ください。,2026-06-09,chitose-city_2025_2026-06-09.html,parsed from heading/body pattern; location extracted by direct location before bear phrase
千歳市,千歳市 2025年度 ヒグマ目撃情報,https://www.city.chitose.lg.jp/c50/1002703/1002708/1004300.html,2025,20,6月8日(日曜日) 午後7時20分頃,千歳市駒里の道道早来千歳線の北富岡バス停付近,目撃,6月8日(日曜日) 午後7時20分頃、千歳市駒里の道道早来千歳線の北富岡バス停付近で南から北へ移動するクマの目撃情報がありました。十分ご注意ください。,2026-06-09,chitose-city_2025_2026-06-09.html,parsed from heading/body pattern; location extracted by directional movement before bear sighting phrase
千歳市,千歳市 2025年度 ヒグマ目撃情報,https://www.city.chitose.lg.jp/c50/1002703/1002708/1004300.html,2025,19,5月28日(水曜日) 午後8時16分頃,千歳市泉沢の真町泉沢大通の市民スキー場入口バス停付近,目撃,5月28日(水曜日) 午後8時16分頃、千歳市泉沢の真町泉沢大通の市民スキー場入口バス停付近で北から南へ横断するクマの目撃情報がありました。十分ご注意ください。,2026-06-09,chitose-city_2025_2026-06-09.html,parsed from heading/body pattern; location extracted by directional movement before bear sighting phrase
千歳市,千歳市 2025年度 ヒグマ目撃情報,https://www.city.chitose.lg.jp/c50/1002703/1002708/1004300.html,2025,18,5月28日(水曜日) 午前8時30分頃,千歳市水明郷の千歳第四ダム付近,目撃,5月28日(水曜日) 午前8時30分頃、千歳市水明郷の千歳第四ダム付近でクマの目撃情報がありました。十分ご注意ください。,2026-06-09,chitose-city_2025_2026-06-09.html,parsed from heading/body pattern; location extracted by direct location before bear phrase
千歳市,千歳市 2025年度 ヒグマ目撃情報,https://www.city.chitose.lg.jp/c50/1002703/1002708/1004300.html,2025,17,5月27日(火曜日) 午前0時20分頃,千歳市西森の道道支笏湖公園線（16号線）の国道453号分岐点信号から千歳市街地方面へ約500メートル進んだ付近,目撃,5月27日(火曜日) 午前0時20分頃、千歳市西森の道道支笏湖公園線（16号線）の国道453号分岐点信号から千歳市街地方面へ約500メートル進んだ付近でクマの目撃情報がありました。十分ご注意ください。,2026-06-09,chitose-city_2025_2026-06-09.html,parsed from heading/body pattern; location extracted by direct location before bear phrase
千歳市,千歳市 2025年度 ヒグマ目撃情報,https://www.city.chitose.lg.jp/c50/1002703/1002708/1004300.html,2025,16,5月23日(金曜日) 午前11時15分頃,千歳市水明郷の道道支笏湖公園線（16号線）の孵化場入口バス停から千歳市街地方面に約600メートル進んだ付近の山林,目撃,5月23日(金曜日) 午前11時15分頃、千歳市水明郷の道道支笏湖公園線（16号線）の孵化場入口バス停から千歳市街地方面に約600メートル進んだ付近の山林でクマの目撃情報がありました。十分ご注意ください。,2026-06-09,chitose-city_2025_2026-06-09.html,parsed from heading/body pattern; location extracted by direct location before bear phrase
千歳市,千歳市 2025年度 ヒグマ目撃情報,https://www.city.chitose.lg.jp/c50/1002703/1002708/1004300.html,2025,15,5月22日(木曜日) 午後10時48分頃,千歳市泉沢の道道支笏湖公園線（16号線）の烏柵舞橋から支笏湖方面に約500メートル進んだ付近の山林,目撃,5月22日(木曜日) 午後10時48分頃、千歳市泉沢の道道支笏湖公園線（16号線）の烏柵舞橋から支笏湖方面に約500メートル進んだ付近の山林でクマの目撃情報がありました。十分ご注意ください。,2026-06-09,chitose-city_2025_2026-06-09.html,parsed from heading/body pattern; location extracted by direct location before bear phrase
千歳市,千歳市 2025年度 ヒグマ目撃情報,https://www.city.chitose.lg.jp/c50/1002703/1002708/1004300.html,2025,14,5月22日(木曜日) 午前7時50分頃,千歳市泉沢の道道支笏湖公園線（16号線）の烏柵舞林道入口から支笏湖方面に約200メートル進んだ付近,目撃,5月22日(木曜日) 午前7時50分頃、千歳市泉沢の道道支笏湖公園線（16号線）の烏柵舞林道入口から支笏湖方面に約200メートル進んだ付近でクマの目撃情報がありました。十分ご注意ください。,2026-06-09,chitose-city_2025_2026-06-09.html,parsed from heading/body pattern; location extracted by direct location before bear phrase
千歳市,千歳市 2025年度 ヒグマ目撃情報,https://www.city.chitose.lg.jp/c50/1002703/1002708/1004300.html,2025,13,5月20日(火曜日) 午前10時20分頃,千歳市新星2丁目から南側の蘭越,足跡,5月20日(火曜日) 午前10時20分頃、千歳市新星2丁目から南側の蘭越でクマの足跡の発見情報がありました。十分ご注意ください。,2026-06-09,chitose-city_2025_2026-06-09.html,parsed from heading/body pattern; location extracted by direct location before bear phrase
千歳市,千歳市 2025年度 ヒグマ目撃情報,https://www.city.chitose.lg.jp/c50/1002703/1002708/1004300.html,2025,12,5月19日(月曜日) 午後0時40分頃,千歳市水明郷の道道支笏湖公園線（16号線）の孵化場入口バス停から支笏湖方面へ約200メートル進んだ付近の山林,目撃,5月19日(月曜日) 午後0時40分頃、千歳市水明郷の道道支笏湖公園線（16号線）の孵化場入口バス停から支笏湖方面へ約200メートル進んだ付近の山林でクマの目撃情報がありました。十分ご注意ください。,2026-06-09,chitose-city_2025_2026-06-09.html,parsed from heading/body pattern; location extracted by direct location before bear phrase
千歳市,千歳市 2025年度 ヒグマ目撃情報,https://www.city.chitose.lg.jp/c50/1002703/1002708/1004300.html,2025,11,5月19日(月曜日) 午前7時55分頃,千歳市水明郷の千歳第四ダム付近,目撃,5月19日(月曜日) 午前7時55分頃、千歳市水明郷の千歳第四ダム付近でクマの目撃情報がありました。十分ご注意ください。,2026-06-09,chitose-city_2025_2026-06-09.html,parsed from heading/body pattern; location extracted by direct location before bear phrase
千歳市,千歳市 2025年度 ヒグマ目撃情報,https://www.city.chitose.lg.jp/c50/1002703/1002708/1004300.html,2025,10,5月19日(月曜日) 午前6時45分頃,千歳市蘭越の第一鳥柵舞橋付近,目撃,5月19日(月曜日) 午前6時45分頃、千歳市蘭越の第一鳥柵舞橋付近でクマの目撃情報がありました。十分ご注意ください。,2026-06-09,chitose-city_2025_2026-06-09.html,parsed from heading/body pattern; location extracted by direct location before bear phrase
千歳市,千歳市 2025年度 ヒグマ目撃情報,https://www.city.chitose.lg.jp/c50/1002703/1002708/1004300.html,2025,9,5月17日(土曜日) 午後3時20分頃,千歳市真町の青葉公園内ラグビー場付近,目撃,5月17日(土曜日) 午後3時20分頃、千歳市真町の青葉公園内ラグビー場付近でクマの目撃情報がありました。十分ご注意ください。,2026-06-09,chitose-city_2025_2026-06-09.html,parsed from heading/body pattern; location extracted by direct location before bear phrase
千歳市,千歳市 2025年度 ヒグマ目撃情報,https://www.city.chitose.lg.jp/c50/1002703/1002708/1004300.html,2025,8,5月9日(金曜日) 午後9時15分頃,千歳市泉沢の真町泉沢大通の道央自動車道高架下から向陽台方面に約300メートル進んだ付近,目撃,5月9日(金曜日) 午後9時15分頃、千歳市泉沢の真町泉沢大通の道央自動車道高架下から向陽台方面に約300メートル進んだ付近で南から北へ移動するクマの目撃情報がありました。十分ご注意ください。,2026-06-09,chitose-city_2025_2026-06-09.html,parsed from heading/body pattern; location extracted by directional movement before bear sighting phrase
千歳市,千歳市 2025年度 ヒグマ目撃情報,https://www.city.chitose.lg.jp/c50/1002703/1002708/1004300.html,2025,7,5月3日(土曜日) 正午頃,千歳市支寒内の国道276号の姫鱒橋付近,目撃,5月3日(土曜日) 正午頃、千歳市支寒内の国道276号の姫鱒橋付近でクマの目撃情報がありました。十分ご注意ください。,2026-06-09,chitose-city_2025_2026-06-09.html,parsed from heading/body pattern; location extracted by direct location before bear phrase
千歳市,千歳市 2025年度 ヒグマ目撃情報,https://www.city.chitose.lg.jp/c50/1002703/1002708/1004300.html,2025,6,5月5日(月曜日) 午後5時55分頃,千歳市泉沢の道道支笏湖公園線（16号線）の烏柵舞橋から支笏湖方面に約700メートル進んだ付近の山林,目撃,5月5日(月曜日) 午後5時55分頃、千歳市泉沢の道道支笏湖公園線（16号線）の烏柵舞橋から支笏湖方面に約700メートル進んだ付近の山林でクマの目撃情報がありました。十分ご注意ください。,2026-06-09,chitose-city_2025_2026-06-09.html,parsed from heading/body pattern; location extracted by direct location before bear phrase
千歳市,千歳市 2025年度 ヒグマ目撃情報,https://www.city.chitose.lg.jp/c50/1002703/1002708/1004300.html,2025,5,5月1日(木曜日) 午前6時30分頃,千歳市奥潭の支笏湖畔、オコタンペ川河口付近,目撃,5月1日(木曜日) 午前6時30分頃、千歳市奥潭の支笏湖畔、オコタンペ川河口付近でクマの目撃情報がありました。十分ご注意ください。,2026-06-09,chitose-city_2025_2026-06-09.html,parsed from heading/body pattern; location extracted by direct location before bear phrase
千歳市,千歳市 2025年度 ヒグマ目撃情報,https://www.city.chitose.lg.jp/c50/1002703/1002708/1004300.html,2025,4,5月5日(火曜日) 午前7時22分頃,千歳市水明郷の道道支笏湖公園線（16号線）、烏柵舞林道入口付近,目撃,5月5日(火曜日) 午前7時22分頃、千歳市水明郷の道道支笏湖公園線（16号線）、烏柵舞林道入口付近でクマの目撃情報がありました。十分ご注意ください。,2026-06-09,chitose-city_2025_2026-06-09.html,parsed from heading/body pattern; location extracted by direct location before bear phrase
千歳市,千歳市 2025年度 ヒグマ目撃情報,https://www.city.chitose.lg.jp/c50/1002703/1002708/1004300.html,2025,3,4月27日(日曜日) 午前9時40分頃,千歳市駒里の道道早来千歳線の駒の里橋から南西へ約1キロメートル進んだ付近の畑,足跡,4月27日(日曜日) 午前9時40分頃、千歳市駒里の道道早来千歳線の駒の里橋から南西へ約1キロメートル進んだ付近の畑でクマの足跡の発見情報がありました。十分ご注意ください。,2026-06-09,chitose-city_2025_2026-06-09.html,parsed from heading/body pattern; location extracted by direct location before bear phrase
千歳市,千歳市 2025年度 ヒグマ目撃情報,https://www.city.chitose.lg.jp/c50/1002703/1002708/1004300.html,2025,2,4月25日(金曜日) 午後3時25分頃,千歳市泉沢の道道支笏湖公園線（16号線）の烏柵舞橋から支笏湖方面に約600メートル進んだ付近の山林,目撃,4月25日(金曜日) 午後3時25分頃、千歳市泉沢の道道支笏湖公園線（16号線）の烏柵舞橋から支笏湖方面に約600メートル進んだ付近の山林でクマの目撃情報がありました。十分ご注意ください。,2026-06-09,chitose-city_2025_2026-06-09.html,parsed from heading/body pattern; location extracted by direct location before bear phrase
千歳市,千歳市 2025年度 ヒグマ目撃情報,https://www.city.chitose.lg.jp/c50/1002703/1002708/1004300.html,2025,1,4月18日(金曜日)午後6時00分頃,千歳市長都の東4線南25号交差点付近,目撃,4月18日(金曜日)午後6時00分頃、千歳市長都の東4線南25号交差点付近でクマの目撃情報がありました。十分ご注意ください。,2026-06-09,chitose-city_2025_2026-06-09.html,parsed from heading/body pattern; location extracted by direct location before bear phrase
千歳市,千歳市 2024年 ヒグマ目撃情報,https://www.city.chitose.lg.jp/c50/1002703/1002708/1004033.html,2024,64,3月17日(月曜日) 午前9時25分頃,千歳市西森の道道支笏湖公園線（16号線）の国道453号分岐点信号から千歳市街地方面へ約100m進んだ付近,目撃,3月17日(月曜日) 午前9時25分頃、千歳市西森の道道支笏湖公園線（16号線）の国道453号分岐点信号から千歳市街地方面へ約100m進んだ付近で北から南へ横断するクマの目撃情報がありました。十分ご注意ください。,2026-06-09,chitose-city_2024_2026-06-09.html,parsed from heading/body pattern; location extracted by directional movement before bear sighting phrase
千歳市,千歳市 2024年 ヒグマ目撃情報,https://www.city.chitose.lg.jp/c50/1002703/1002708/1004033.html,2024,63,2月28日(金曜日) 午後0時37分頃,千歳市藤の沢の道道泉沢新千歳空港線と真町泉沢大通との交差点から南へ約100m進んだ付近の林,目撃,2月28日(金曜日) 午後0時37分頃、千歳市藤の沢の道道泉沢新千歳空港線と真町泉沢大通との交差点から南へ約100m進んだ付近の林でクマの目撃情報がありました。十分ご注意ください。,2026-06-09,chitose-city_2024_2026-06-09.html,parsed from heading/body pattern; location extracted by direct location before bear phrase
千歳市,千歳市 2024年 ヒグマ目撃情報,https://www.city.chitose.lg.jp/c50/1002703/1002708/1004033.html,2024,62,1月5日(日曜日) 午前11時05分頃,千歳市蘭越の道道支笏湖公園線（16号線）の烏柵舞橋東側の千歳川中州,目撃,1月5日(日曜日) 午前11時05分頃、千歳市蘭越の道道支笏湖公園線（16号線）の烏柵舞橋東側の千歳川中州でクマの目撃情報がありました。十分ご注意ください。,2026-06-09,chitose-city_2024_2026-06-09.html,parsed from heading/body pattern; location extracted by direct location before bear phrase
千歳市,千歳市 2024年 ヒグマ目撃情報,https://www.city.chitose.lg.jp/c50/1002703/1002708/1004033.html,2024,61,11月14日(木曜日) 午後8時20分頃,千歳市泉沢の真町泉沢大通の道央自動車道高架下付近,目撃,11月14日(木曜日) 午後8時20分頃、千歳市泉沢の真町泉沢大通の道央自動車道高架下付近で南から北へ横断するクマの目撃情報がありました。十分ご注意ください。,2026-06-09,chitose-city_2024_2026-06-09.html,parsed from heading/body pattern; location extracted by directional movement before bear sighting phrase
千歳市,千歳市 2024年 ヒグマ目撃情報,https://www.city.chitose.lg.jp/c50/1002703/1002708/1004033.html,2024,60,11月9日(土曜日)午後3時25分頃,千歳市支笏湖温泉の国道453号の翠明橋から北に約50m進んだ付近,目撃,11月9日(土曜日)午後3時25分頃、千歳市支笏湖温泉の国道453号の翠明橋から北に約50m進んだ付近でクマの目撃情報がありました。十分ご注意ください。,2026-06-09,chitose-city_2024_2026-06-09.html,parsed from heading/body pattern; location extracted by direct location before bear phrase
千歳市,千歳市 2024年 ヒグマ目撃情報,https://www.city.chitose.lg.jp/c50/1002703/1002708/1004033.html,2024,59,11月2日(土曜日) 午前9時55分頃,千歳市蘭越のノースカントリーゴルフクラブ北側の山林,目撃,11月2日(土曜日) 午前9時55分頃、千歳市蘭越のノースカントリーゴルフクラブ北側の山林でクマの目撃情報がありました。十分ご注意ください。,2026-06-09,chitose-city_2024_2026-06-09.html,parsed from heading/body pattern; location extracted by direct location before bear phrase
千歳市,千歳市 2024年 ヒグマ目撃情報,https://www.city.chitose.lg.jp/c50/1002703/1002708/1004033.html,2024,58,11月1日(金曜日) 午前8時05分頃,千歳市美々の国道36号の苫小牧市との境界から北西へ約900m進んだ付近,目撃,11月1日(金曜日) 午前8時05分頃、千歳市美々の国道36号の苫小牧市との境界から北西へ約900m進んだ付近でクマの目撃情報がありました。十分ご注意ください。,2026-06-09,chitose-city_2024_2026-06-09.html,parsed from heading/body pattern; location extracted by direct location before bear phrase
千歳市,千歳市 2024年 ヒグマ目撃情報,https://www.city.chitose.lg.jp/c50/1002703/1002708/1004033.html,2024,57,10月31日(木曜日) 午前7時20分頃,千歳市水明郷の道道支笏湖公園線（16号線）の水明郷パーキング付近,目撃,10月31日(木曜日) 午前7時20分頃、千歳市水明郷の道道支笏湖公園線（16号線）の水明郷パーキング付近で北から南へ横断するクマの目撃情報がありました。十分ご注意ください。,2026-06-09,chitose-city_2024_2026-06-09.html,parsed from heading/body pattern; location extracted by directional movement before bear sighting phrase
千歳市,千歳市 2024年 ヒグマ目撃情報,https://www.city.chitose.lg.jp/c50/1002703/1002708/1004033.html,2024,56,10月31日(木曜日) 午前5時30分頃,千歳市美笛の国道276号の美笛トンネル東側の駐車帯付近,目撃,10月31日(木曜日) 午前5時30分頃、千歳市美笛の国道276号の美笛トンネル東側の駐車帯付近で南から北へ横断するクマの目撃情報がありました。十分ご注意ください。,2026-06-09,chitose-city_2024_2026-06-09.html,parsed from heading/body pattern; location extracted by directional movement before bear sighting phrase
千歳市,千歳市 2024年 ヒグマ目撃情報,https://www.city.chitose.lg.jp/c50/1002703/1002708/1004033.html,2024,55,10月29日(火曜日) 午後2時30分頃,千歳市泉沢の真町泉沢大通の道央自動車道高架下付近,目撃,10月29日(火曜日) 午後2時30分頃、千歳市泉沢の真町泉沢大通の道央自動車道高架下付近で北から南へ横断するクマの目撃情報がありました。十分ご注意ください。,2026-06-09,chitose-city_2024_2026-06-09.html,parsed from heading/body pattern; location extracted by directional movement before bear sighting phrase
千歳市,千歳市 2024年 ヒグマ目撃情報,https://www.city.chitose.lg.jp/c50/1002703/1002708/1004033.html,2024,54,10月29日(火曜日) 午後1時30分頃,千歳市泉沢の青葉公園内の芝生広場付近,目撃,10月29日(火曜日) 午後1時30分頃、千歳市泉沢の青葉公園内の芝生広場付近でクマの目撃情報がありました。十分ご注意ください。,2026-06-09,chitose-city_2024_2026-06-09.html,parsed from heading/body pattern; location extracted by direct location before bear phrase
千歳市,千歳市 2024年 ヒグマ目撃情報,https://www.city.chitose.lg.jp/c50/1002703/1002708/1004033.html,2024,53,10月29日(火曜日) 午前11時00分頃,千歳市新星2丁目から南側の蘭越,目撃,10月29日(火曜日) 午前11時00分頃、千歳市新星2丁目から南側の蘭越でクマの目撃情報がありました。十分ご注意ください。,2026-06-09,chitose-city_2024_2026-06-09.html,parsed from heading/body pattern; location extracted by direct location before bear phrase
千歳市,千歳市 2024年 ヒグマ目撃情報,https://www.city.chitose.lg.jp/c50/1002703/1002708/1004033.html,2024,52,10月27日(日曜日) 午後3時00分頃,千歳市蘭越の第一烏柵舞橋付近,目撃,10月27日(日曜日) 午後3時00分頃、千歳市蘭越の第一烏柵舞橋付近でクマの目撃情報がありました。十分ご注意ください。,2026-06-09,chitose-city_2024_2026-06-09.html,parsed from heading/body pattern; location extracted by direct location before bear phrase
千歳市,千歳市 2024年 ヒグマ目撃情報,https://www.city.chitose.lg.jp/c50/1002703/1002708/1004033.html,2024,51,10月26日(土曜日) 午後1時55分頃,千歳市蘭越の第一烏柵舞橋付近,目撃,10月26日(土曜日) 午後1時55分頃、千歳市蘭越の第一烏柵舞橋付近でクマの目撃情報がありました。十分ご注意ください。,2026-06-09,chitose-city_2024_2026-06-09.html,parsed from heading/body pattern; location extracted by direct location before bear phrase
千歳市,千歳市 2024年 ヒグマ目撃情報,https://www.city.chitose.lg.jp/c50/1002703/1002708/1004033.html,2024,50,10月26日(土曜日) 午前10時15分頃,千歳市泉沢の道道支笏湖公園線（16号線）の孵化場入口バス停から南へ約300m進んだ付近の山林,目撃,10月26日(土曜日) 午前10時15分頃、千歳市泉沢の道道支笏湖公園線（16号線）の孵化場入口バス停から南へ約300m進んだ付近の山林でクマの目撃情報がありました。十分ご注意ください。,2026-06-09,chitose-city_2024_2026-06-09.html,parsed from heading/body pattern; location extracted by direct location before bear phrase
千歳市,千歳市 2024年 ヒグマ目撃情報,https://www.city.chitose.lg.jp/c50/1002703/1002708/1004033.html,2024,49,10月17日(木曜日) 午後1時36分頃,千歳市中央のコムカラ峠付近で道路,目撃,10月17日(木曜日) 午後1時36分頃、千歳市中央のコムカラ峠付近で道路を北から南へ横断するクマの目撃情報がありました。十分ご注意ください。,2026-06-09,chitose-city_2024_2026-06-09.html,parsed from heading/body pattern; location extracted by location before directional crossing with を phrase
千歳市,千歳市 2024年 ヒグマ目撃情報,https://www.city.chitose.lg.jp/c50/1002703/1002708/1004033.html,2024,48,10月9日(水曜日) 午後12時45分頃,千歳市真町の青葉公園内の青葉球場付近,目撃,10月9日(水曜日) 午後12時45分頃、千歳市真町の青葉公園内の青葉球場付近でクマの目撃情報がありました。十分ご注意ください。,2026-06-09,chitose-city_2024_2026-06-09.html,parsed from heading/body pattern; location extracted by direct location before bear phrase
千歳市,千歳市 2024年 ヒグマ目撃情報,https://www.city.chitose.lg.jp/c50/1002703/1002708/1004033.html,2024,47,9月19日(木曜日) 午後1時40分頃,千歳市水明郷の道道支笏湖公園線（16号線）の孵化場入口バス停付近,目撃,9月19日(木曜日) 午後1時40分頃、千歳市水明郷の道道支笏湖公園線（16号線）の孵化場入口バス停付近でクマの目撃情報がありました。十分ご注意ください。,2026-06-09,chitose-city_2024_2026-06-09.html,parsed from heading/body pattern; location extracted by direct location before bear phrase
千歳市,千歳市 2024年 ヒグマ目撃情報,https://www.city.chitose.lg.jp/c50/1002703/1002708/1004033.html,2024,46,9月18日(水曜日)午後3時10分頃,千歳市水明郷の道道支笏湖公園線（16号線）と国道453号の分岐点信号から支笏湖温泉方面へ約1.3km進んだ付近,目撃,9月18日(水曜日)午後3時10分頃、千歳市水明郷の道道支笏湖公園線（16号線）と国道453号の分岐点信号から支笏湖温泉方面へ約1.3km進んだ付近でクマの目撃情報がありました。十分ご注意ください。,2026-06-09,chitose-city_2024_2026-06-09.html,parsed from heading/body pattern; location extracted by direct location before bear phrase
千歳市,千歳市 2024年 ヒグマ目撃情報,https://www.city.chitose.lg.jp/c50/1002703/1002708/1004033.html,2024,45,9月16日(月曜日) 午後11時05分頃,千歳市泉沢の泉沢東大通と泉沢中央通の交差点付近,目撃,9月16日(月曜日) 午後11時05分頃、千歳市泉沢の泉沢東大通と泉沢中央通の交差点付近でクマの目撃情報がありました。十分ご注意ください。,2026-06-09,chitose-city_2024_2026-06-09.html,parsed from heading/body pattern; location extracted by direct location before bear phrase
千歳市,千歳市 2024年 ヒグマ目撃情報,https://www.city.chitose.lg.jp/c50/1002703/1002708/1004033.html,2024,44,9月16日(月曜日) 午後0時15分頃,千歳市蘭越のノースカントリーゴルフクラブ西側の山林,目撃,9月16日(月曜日) 午後0時15分頃、千歳市蘭越のノースカントリーゴルフクラブ西側の山林でクマの目撃情報がありました。十分ご注意ください。,2026-06-09,chitose-city_2024_2026-06-09.html,parsed from heading/body pattern; location extracted by direct location before bear phrase
千歳市,千歳市 2024年 ヒグマ目撃情報,https://www.city.chitose.lg.jp/c50/1002703/1002708/1004033.html,2024,43,9月14日(土曜日) 午後2時00分頃,千歳市蘭越の第一烏柵舞橋付近,目撃,9月14日(土曜日) 午後2時00分頃、千歳市蘭越の第一烏柵舞橋付近でクマの目撃情報がありました。十分ご注意ください。,2026-06-09,chitose-city_2024_2026-06-09.html,parsed from heading/body pattern; location extracted by direct location before bear phrase
千歳市,千歳市 2024年 ヒグマ目撃情報,https://www.city.chitose.lg.jp/c50/1002703/1002708/1004033.html,2024,42,9月14日(土曜日) 午前9時50分頃,千歳市蘭越のノースカントリーゴルフクラブ北側の山林,目撃,9月14日(土曜日) 午前9時50分頃、千歳市蘭越のノースカントリーゴルフクラブ北側の山林でクマの目撃情報がありました。十分ご注意ください。,2026-06-09,chitose-city_2024_2026-06-09.html,parsed from heading/body pattern; location extracted by direct location before bear phrase
千歳市,千歳市 2024年 ヒグマ目撃情報,https://www.city.chitose.lg.jp/c50/1002703/1002708/1004033.html,2024,41,9月14日(土曜日) 午前5時20分頃,千歳市泉沢の真町泉沢大通からママチ川林道を約500m進んだ付近,目撃,9月14日(土曜日) 午前5時20分頃、千歳市泉沢の真町泉沢大通からママチ川林道を約500m進んだ付近でクマの目撃情報がありました。十分ご注意ください。,2026-06-09,chitose-city_2024_2026-06-09.html,parsed from heading/body pattern; location extracted by direct location before bear phrase
千歳市,千歳市 2024年 ヒグマ目撃情報,https://www.city.chitose.lg.jp/c50/1002703/1002708/1004033.html,2024,40,9月11日(水曜日) 午前11時15分頃,千歳市泉沢の第一烏柵舞橋から市道蘭越第1道路を西へ約400m進んだ付近,目撃,9月11日(水曜日) 午前11時15分頃、千歳市泉沢の第一烏柵舞橋から市道蘭越第1道路を西へ約400m進んだ付近でクマの目撃情報がありました。十分ご注意ください。,2026-06-09,chitose-city_2024_2026-06-09.html,parsed from heading/body pattern; location extracted by direct location before bear phrase
千歳市,千歳市 2024年 ヒグマ目撃情報,https://www.city.chitose.lg.jp/c50/1002703/1002708/1004033.html,2024,39,9月6日(金曜日) 午後2時00分頃,千歳市蘭越の第一烏柵舞橋から千歳林道を東へ約300m進んだ付近,目撃,9月6日(金曜日) 午後2時00分頃、千歳市蘭越の第一烏柵舞橋から千歳林道を東へ約300m進んだ付近でクマの目撃情報がありました。十分ご注意ください。,2026-06-09,chitose-city_2024_2026-06-09.html,parsed from heading/body pattern; location extracted by direct location before bear phrase
千歳市,千歳市 2024年 ヒグマ目撃情報,https://www.city.chitose.lg.jp/c50/1002703/1002708/1004033.html,2024,38,9月6日(金曜日) 午前11時05分頃,千歳市泉沢の真町泉沢大通からママチ川林道を約3km進んだ付近,目撃,9月6日(金曜日) 午前11時05分頃、千歳市泉沢の真町泉沢大通からママチ川林道を約3km進んだ付近でクマの目撃情報がありました。十分ご注意ください。,2026-06-09,chitose-city_2024_2026-06-09.html,parsed from heading/body pattern; location extracted by direct location before bear phrase
千歳市,千歳市 2024年 ヒグマ目撃情報,https://www.city.chitose.lg.jp/c50/1002703/1002708/1004033.html,2024,37,9月2日(月曜日) 午前7時42分頃,千歳市泉沢の真町泉沢大通からママチ川林道を約1.3km進んだ付近,目撃,9月2日(月曜日) 午前7時42分頃、千歳市泉沢の真町泉沢大通からママチ川林道を約1.3km進んだ付近でクマの目撃情報がありました。十分ご注意ください。,2026-06-09,chitose-city_2024_2026-06-09.html,parsed from heading/body pattern; location extracted by direct location before bear phrase
千歳市,千歳市 2024年 ヒグマ目撃情報,https://www.city.chitose.lg.jp/c50/1002703/1002708/1004033.html,2024,36,8月26日(月曜日) 午前9時55分頃,千歳市平和の道道泉沢新千歳空港線の新千歳空港インターチェンジから東へ約1.3km進んだ付近,目撃,8月26日(月曜日) 午前9時55分頃、千歳市平和の道道泉沢新千歳空港線の新千歳空港インターチェンジから東へ約1.3km進んだ付近で北から南へ横断するクマの目撃情報がありました。十分ご注意ください。,2026-06-09,chitose-city_2024_2026-06-09.html,parsed from heading/body pattern; location extracted by directional movement before bear sighting phrase
千歳市,千歳市 2024年 ヒグマ目撃情報,https://www.city.chitose.lg.jp/c50/1002703/1002708/1004033.html,2024,35,8月26日(月曜日) 午前9:40頃,千歳市泉沢の向陽台交番裏の林付近,目撃,8月26日(月曜日) 午前9:40頃、千歳市泉沢の向陽台交番裏の林付近でクマの目撃情報がありました。十分ご注意ください。,2026-06-09,chitose-city_2024_2026-06-09.html,parsed from heading/body pattern; location extracted by direct location before bear phrase
千歳市,千歳市 2024年 ヒグマ目撃情報,https://www.city.chitose.lg.jp/c50/1002703/1002708/1004033.html,2024,34,8月24日(土曜日) 午後2時50分頃,千歳市泉沢の真町泉沢大通からママチ川林道を約1.4km進んだ付近,目撃,8月24日(土曜日) 午後2時50分頃、千歳市泉沢の真町泉沢大通からママチ川林道を約1.4km進んだ付近でクマの目撃情報がありました。十分ご注意ください。,2026-06-09,chitose-city_2024_2026-06-09.html,parsed from heading/body pattern; location extracted by direct location before bear phrase
千歳市,千歳市 2024年 ヒグマ目撃情報,https://www.city.chitose.lg.jp/c50/1002703/1002708/1004033.html,2024,33,8月8日(木曜日) 午後1時35分頃,千歳市泉沢の道道泉沢新千歳空港線の泉沢橋から西へ約800m進んだ付近,目撃,8月8日(木曜日) 午後1時35分頃、千歳市泉沢の道道泉沢新千歳空港線の泉沢橋から西へ約800m進んだ付近でクマの目撃情報がありました。十分ご注意ください。,2026-06-09,chitose-city_2024_2026-06-09.html,parsed from heading/body pattern; location extracted by direct location before bear phrase
千歳市,千歳市 2024年 ヒグマ目撃情報,https://www.city.chitose.lg.jp/c50/1002703/1002708/1004033.html,2024,32,8月7日(水曜日) 午前10時40分頃,千歳市柏台の鉄北通用水橋付近,目撃,8月7日(水曜日) 午前10時40分頃、千歳市柏台の鉄北通用水橋付近でクマの目撃情報がありました。十分ご注意ください。,2026-06-09,chitose-city_2024_2026-06-09.html,parsed from heading/body pattern; location extracted by direct location before bear phrase
千歳市,千歳市 2024年 ヒグマ目撃情報,https://www.city.chitose.lg.jp/c50/1002703/1002708/1004033.html,2024,31,8月3日(土曜日) 午後10時25分頃,千歳市柏台の新千歳空港ランプ付近の道央圏連絡道路（国道337号）上,目撃,8月3日(土曜日) 午後10時25分頃、千歳市柏台の新千歳空港ランプ付近の道央圏連絡道路（国道337号）上でクマの目撃情報がありました。十分ご注意ください。,2026-06-09,chitose-city_2024_2026-06-09.html,parsed from heading/body pattern; location extracted by direct location before bear phrase
千歳市,千歳市 2024年 ヒグマ目撃情報,https://www.city.chitose.lg.jp/c50/1002703/1002708/1004033.html,2024,30,7月30日(火曜日)午後3時00分頃,千歳市北信濃の蘭越共同墓地付近,目撃,7月30日(火曜日)午後3時00分頃、千歳市北信濃の蘭越共同墓地付近でクマの目撃情報がありました。十分ご注意ください。,2026-06-09,chitose-city_2024_2026-06-09.html,parsed from heading/body pattern; location extracted by direct location before bear phrase
千歳市,千歳市 2024年 ヒグマ目撃情報,https://www.city.chitose.lg.jp/c50/1002703/1002708/1004033.html,2024,29,7月22日(月曜日)午後1時30分頃,千歳市水明郷の道道支笏湖公園線（16号線）の第一発電所バス停付近のカーブから千歳市街地方向へ約1.5km進んだ付近の山林,目撃,7月22日(月曜日)午後1時30分頃、千歳市水明郷の道道支笏湖公園線（16号線）の第一発電所バス停付近のカーブから千歳市街地方向へ約1.5km進んだ付近の山林でクマの目撃情報がありました。十分ご注意ください。,2026-06-09,chitose-city_2024_2026-06-09.html,parsed from heading/body pattern; location extracted by direct location before bear phrase
千歳市,千歳市 2024年 ヒグマ目撃情報,https://www.city.chitose.lg.jp/c50/1002703/1002708/1004033.html,2024,28,7月20日(土曜日) 午前8時35分頃,千歳市平和の道央自動車道と航空自衛隊千歳基地との間にある林道上,目撃,7月20日(土曜日) 午前8時35分頃、千歳市平和の道央自動車道と航空自衛隊千歳基地との間にある林道上でクマの目撃情報がありました。十分ご注意ください。,2026-06-09,chitose-city_2024_2026-06-09.html,parsed from heading/body pattern; location extracted by direct location before bear phrase
千歳市,千歳市 2024年 ヒグマ目撃情報,https://www.city.chitose.lg.jp/c50/1002703/1002708/1004033.html,2024,27,7月18日(木曜日) 午後3時13分頃,千歳市泉沢の道道支笏湖公園線（16号線）の烏柵舞橋から支笏湖方面に約500m進んだ付近,目撃,7月18日(木曜日) 午後3時13分頃、千歳市泉沢の道道支笏湖公園線（16号線）の烏柵舞橋から支笏湖方面に約500m進んだ付近で東から西へ横断するクマの目撃情報がありました。十分ご注意ください。,2026-06-09,chitose-city_2024_2026-06-09.html,parsed from heading/body pattern; location extracted by directional movement before bear sighting phrase
千歳市,千歳市 2024年 ヒグマ目撃情報,https://www.city.chitose.lg.jp/c50/1002703/1002708/1004033.html,2024,26,7月16日(火曜日) 正午頃,千歳市泉沢の道道泉沢新千歳空港線の泉沢橋から西へ約150m進んだ付近の山林,目撃,7月16日(火曜日) 正午頃、千歳市泉沢の道道泉沢新千歳空港線の泉沢橋から西へ約150m進んだ付近の山林でクマの目撃情報がありました。十分ご注意ください。,2026-06-09,chitose-city_2024_2026-06-09.html,parsed from heading/body pattern; location extracted by direct location before bear phrase
千歳市,千歳市 2024年 ヒグマ目撃情報,https://www.city.chitose.lg.jp/c50/1002703/1002708/1004033.html,2024,25,7月14日(日曜日) 午後2時05分頃,千歳市幌美内の国道453号を丸駒橋から恵庭方向へ約3km進んだ付近,目撃,7月14日(日曜日) 午後2時05分頃、千歳市幌美内の国道453号を丸駒橋から恵庭方向へ約3km進んだ付近で北から南へ横断するクマの目撃情報がありました。十分ご注意ください。,2026-06-09,chitose-city_2024_2026-06-09.html,parsed from heading/body pattern; location extracted by directional movement before bear sighting phrase
千歳市,千歳市 2024年 ヒグマ目撃情報,https://www.city.chitose.lg.jp/c50/1002703/1002708/1004033.html,2024,24,7月13日(土曜日) 午前10:32頃,千歳市文京3丁目の向陽台公園,目撃,7月13日(土曜日) 午前10:32頃、千歳市文京3丁目の向陽台公園でクマの目撃情報がありました。十分ご注意ください。,2026-06-09,chitose-city_2024_2026-06-09.html,parsed from heading/body pattern; location extracted by direct location before bear phrase
千歳市,千歳市 2024年 ヒグマ目撃情報,https://www.city.chitose.lg.jp/c50/1002703/1002708/1004033.html,2024,23,7月13日(土曜日) 午前10:00頃,千歳市泉沢の泉沢自然の森キャンプ場付近,目撃,7月13日(土曜日) 午前10:00頃、千歳市泉沢の泉沢自然の森キャンプ場付近でクマの目撃情報がありました。十分ご注意ください。,2026-06-09,chitose-city_2024_2026-06-09.html,parsed from heading/body pattern; location extracted by direct location before bear phrase
千歳市,千歳市 2024年 ヒグマ目撃情報,https://www.city.chitose.lg.jp/c50/1002703/1002708/1004033.html,2024,22,7月13日(土曜日) 午前8：55頃,千歳市泉沢の真町泉沢大通の市民スキー場駐車場付近,目撃,7月13日(土曜日) 午前8：55頃、千歳市泉沢の真町泉沢大通の市民スキー場駐車場付近でクマの目撃情報がありました。十分ご注意ください。,2026-06-09,chitose-city_2024_2026-06-09.html,parsed from heading/body pattern; location extracted by direct location before bear phrase
千歳市,千歳市 2024年 ヒグマ目撃情報,https://www.city.chitose.lg.jp/c50/1002703/1002708/1004033.html,2024,21,6月30日(日曜日) 午前8時30分頃,千歳市美々の国道36号のJR南千歳駅から南へ約3km進んだ付近,目撃,6月30日(日曜日) 午前8時30分頃、千歳市美々の国道36号のJR南千歳駅から南へ約3km進んだ付近で西から東へ横断するクマの目撃情報がありました。十分ご注意ください。,2026-06-09,chitose-city_2024_2026-06-09.html,parsed from heading/body pattern; location extracted by directional movement before bear sighting phrase
千歳市,千歳市 2024年 ヒグマ目撃情報,https://www.city.chitose.lg.jp/c50/1002703/1002708/1004033.html,2024,20,6月29日(土曜日) 午後3時38分頃,千歳市平和の道道泉沢新千歳空港線の新千歳空港インターチェンジから東へ約1.5km進んだ付近,目撃,6月29日(土曜日) 午後3時38分頃、千歳市平和の道道泉沢新千歳空港線の新千歳空港インターチェンジから東へ約1.5km進んだ付近で南から北へ横断するクマの目撃情報がありました。十分ご注意ください。,2026-06-09,chitose-city_2024_2026-06-09.html,parsed from heading/body pattern; location extracted by directional movement before bear sighting phrase
千歳市,千歳市 2024年 ヒグマ目撃情報,https://www.city.chitose.lg.jp/c50/1002703/1002708/1004033.html,2024,19,6月25日(火曜日) 午後5時30分頃,千歳市幌美内の恵庭岳登山道入口から約500m登った付近,目撃,6月25日(火曜日) 午後5時30分頃、千歳市幌美内の恵庭岳登山道入口から約500m登った付近でクマの目撃情報がありました。十分ご注意ください。,2026-06-09,chitose-city_2024_2026-06-09.html,parsed from heading/body pattern; location extracted by direct location before bear phrase
千歳市,千歳市 2024年 ヒグマ目撃情報,https://www.city.chitose.lg.jp/c50/1002703/1002708/1004033.html,2024,18,6月25日(火曜日) 午後4時20分頃,千歳市泉沢の真町泉沢大通の道央自動車道高架下から向陽台方面へ約150m進んだ付近,目撃,6月25日(火曜日) 午後4時20分頃、千歳市泉沢の真町泉沢大通の道央自動車道高架下から向陽台方面へ約150m進んだ付近で北から南へ横断するクマの目撃情報がありました。十分ご注意ください。,2026-06-09,chitose-city_2024_2026-06-09.html,parsed from heading/body pattern; location extracted by directional movement before bear sighting phrase
千歳市,千歳市 2024年 ヒグマ目撃情報,https://www.city.chitose.lg.jp/c50/1002703/1002708/1004033.html,2024,17,6月23日(日曜日) 午前6時28分頃,千歳市水明郷の道道支笏湖公園線（16号線）の藤の沢林道入口付近,目撃,6月23日(日曜日) 午前6時28分頃、千歳市水明郷の道道支笏湖公園線（16号線）の藤の沢林道入口付近で北から南へ横断するクマの目撃情報がありました。十分ご注意ください。,2026-06-09,chitose-city_2024_2026-06-09.html,parsed from heading/body pattern; location extracted by directional movement before bear sighting phrase
千歳市,千歳市 2024年 ヒグマ目撃情報,https://www.city.chitose.lg.jp/c50/1002703/1002708/1004033.html,2024,16,6月23日(日曜日) 午前4時45分頃,千歳市平和の道道泉沢新千歳空港線の新千歳空港インターチェンジから東へ約2km進んだ付近,目撃,6月23日(日曜日) 午前4時45分頃、千歳市平和の道道泉沢新千歳空港線の新千歳空港インターチェンジから東へ約2km進んだ付近で北から南へ横断するクマの目撃情報がありました。十分ご注意ください。,2026-06-09,chitose-city_2024_2026-06-09.html,parsed from heading/body pattern; location extracted by directional movement before bear sighting phrase
千歳市,千歳市 2024年 ヒグマ目撃情報,https://www.city.chitose.lg.jp/c50/1002703/1002708/1004033.html,2024,15,6月22日(土曜日) 正午頃,千歳市泉沢の道道支笏湖公園線（16号線）の烏柵舞橋から支笏湖方面に約300m進んだ付近の山林,目撃,6月22日(土曜日) 正午頃、千歳市泉沢の道道支笏湖公園線（16号線）の烏柵舞橋から支笏湖方面に約300m進んだ付近の山林でクマの目撃情報がありました。十分ご注意ください。,2026-06-09,chitose-city_2024_2026-06-09.html,parsed from heading/body pattern; location extracted by direct location before bear phrase
千歳市,千歳市 2024年 ヒグマ目撃情報,https://www.city.chitose.lg.jp/c50/1002703/1002708/1004033.html,2024,14,6月19日(水曜日) 午後2時05分頃,千歳市泉沢の道央自動車道下り本線の千歳インターチェンジ降り口付近,目撃,6月19日(水曜日) 午後2時05分頃、千歳市泉沢の道央自動車道下り本線の千歳インターチェンジ降り口付近で本線から路肩へ移動するクマの目撃情報がありました。十分ご注意ください。,2026-06-09,chitose-city_2024_2026-06-09.html,parsed from heading/body pattern; location extracted by generic movement phrase
千歳市,千歳市 2024年 ヒグマ目撃情報,https://www.city.chitose.lg.jp/c50/1002703/1002708/1004033.html,2024,13,6月12日(水曜日) 午前9時30分頃,千歳市平和の道央自動車道と航空自衛隊千歳基地との間にある林道上,目撃,6月12日(水曜日) 午前9時30分頃、千歳市平和の道央自動車道と航空自衛隊千歳基地との間にある林道上でクマの目撃情報がありました。十分ご注意ください。,2026-06-09,chitose-city_2024_2026-06-09.html,parsed from heading/body pattern; location extracted by direct location before bear phrase
千歳市,千歳市 2024年 ヒグマ目撃情報,https://www.city.chitose.lg.jp/c50/1002703/1002708/1004033.html,2024,12,6月10日(月曜日) 午後6時00分頃,千歳市平和の道央自動車道新千歳空港インターチェンジ料金所から西へ約200m進んだ付近,目撃,6月10日(月曜日) 午後6時00分頃、千歳市平和の道央自動車道新千歳空港インターチェンジ料金所から西へ約200m進んだ付近で北へ移動するクマの目撃情報がありました。十分ご注意ください。,2026-06-09,chitose-city_2024_2026-06-09.html,parsed from heading/body pattern; location extracted by directional movement before bear sighting phrase
千歳市,千歳市 2024年 ヒグマ目撃情報,https://www.city.chitose.lg.jp/c50/1002703/1002708/1004033.html,2024,11,6月7日(金曜日) 午前11時35分頃,千歳市泉沢の道道支笏湖公園線（16号線）の烏柵舞林道入口から支笏湖方面に約400m進んだ付近,目撃,6月7日(金曜日) 午前11時35分頃、千歳市泉沢の道道支笏湖公園線（16号線）の烏柵舞林道入口から支笏湖方面に約400m進んだ付近でクマの目撃情報がありました。十分ご注意ください。,2026-06-09,chitose-city_2024_2026-06-09.html,parsed from heading/body pattern; location extracted by direct location before bear phrase
千歳市,千歳市 2024年 ヒグマ目撃情報,https://www.city.chitose.lg.jp/c50/1002703/1002708/1004033.html,2024,10,6月6日(木曜日) 午後5時30分頃,千歳市平和の道道泉沢新千歳空港線の新千歳空港インターチェンジから東へ約2km進んだ付近,目撃,6月6日(木曜日) 午後5時30分頃、千歳市平和の道道泉沢新千歳空港線の新千歳空港インターチェンジから東へ約2km進んだ付近で南から北へ横断するクマの目撃情報がありました。十分ご注意ください。,2026-06-09,chitose-city_2024_2026-06-09.html,parsed from heading/body pattern; location extracted by directional movement before bear sighting phrase
千歳市,千歳市 2024年 ヒグマ目撃情報,https://www.city.chitose.lg.jp/c50/1002703/1002708/1004033.html,2024,9,5月20日(月曜日) 午後6時00分頃,千歳市泉沢の柏陽5丁目6番付近の山林,目撃,5月20日(月曜日) 午後6時00分頃、千歳市泉沢の柏陽5丁目6番付近の山林でクマの目撃情報がありました。十分ご注意ください。,2026-06-09,chitose-city_2024_2026-06-09.html,parsed from heading/body pattern; location extracted by direct location before bear phrase
千歳市,千歳市 2024年 ヒグマ目撃情報,https://www.city.chitose.lg.jp/c50/1002703/1002708/1004033.html,2024,8,5月18日(土曜日) 午前7時30分頃,千歳市平和の道道泉沢新千歳空港線の新千歳空港インターチェンジから東へ約2km進んだ付近の山林,目撃,5月18日(土曜日) 午前7時30分頃、千歳市平和の道道泉沢新千歳空港線の新千歳空港インターチェンジから東へ約2km進んだ付近の山林でクマの目撃情報がありました。十分ご注意ください。,2026-06-09,chitose-city_2024_2026-06-09.html,parsed from heading/body pattern; location extracted by direct location before bear phrase
千歳市,千歳市 2024年 ヒグマ目撃情報,https://www.city.chitose.lg.jp/c50/1002703/1002708/1004033.html,2024,7,5月16日(木曜日) 午前6：35頃,千歳市西森の国道453号の道道支笏湖公園線（16号線）分岐点信号から苫小牧方面へ約400m進んだ付近,目撃,5月16日(木曜日) 午前6：35頃、千歳市西森の国道453号の道道支笏湖公園線（16号線）分岐点信号から苫小牧方面へ約400m進んだ付近で西から東へ横断するクマの目撃情報がありました。十分ご注意ください。,2026-06-09,chitose-city_2024_2026-06-09.html,parsed from heading/body pattern; location extracted by directional movement before bear sighting phrase
千歳市,千歳市 2024年 ヒグマ目撃情報,https://www.city.chitose.lg.jp/c50/1002703/1002708/1004033.html,2024,6,5月13日(月曜日) 午後1時00分頃,千歳市泉沢の道道泉沢新千歳空港線の泉沢橋から西へ約500m進んだ付近,目撃,5月13日(月曜日) 午後1時00分頃、千歳市泉沢の道道泉沢新千歳空港線の泉沢橋から西へ約500m進んだ付近でクマの目撃情報がありました。十分ご注意ください。,2026-06-09,chitose-city_2024_2026-06-09.html,parsed from heading/body pattern; location extracted by direct location before bear phrase
千歳市,千歳市 2024年 ヒグマ目撃情報,https://www.city.chitose.lg.jp/c50/1002703/1002708/1004033.html,2024,5,4月4日(木曜日) 午後5：15頃,千歳市水明郷の道道支笏湖公園線（16号線）と国道453号の分岐点信号から支笏湖温泉方面へ約300m進んだ付近の山林,目撃,4月4日(木曜日) 午後5：15頃、千歳市水明郷の道道支笏湖公園線（16号線）と国道453号の分岐点信号から支笏湖温泉方面へ約300m進んだ付近の山林でクマの目撃情報がありました。十分ご注意ください。,2026-06-09,chitose-city_2024_2026-06-09.html,parsed from heading/body pattern; location extracted by direct location before bear phrase
千歳市,千歳市 2024年 ヒグマ目撃情報,https://www.city.chitose.lg.jp/c50/1002703/1002708/1004033.html,2024,4,3月28日(木曜日) 午後1：30頃,千歳市西森の国道453号の道道支笏湖公園線（16号線）分岐点信号から苫小牧方面へ約300m進んだ付近,目撃,3月28日(木曜日) 午後1：30頃、千歳市西森の国道453号の道道支笏湖公園線（16号線）分岐点信号から苫小牧方面へ約300m進んだ付近でクマの目撃情報がありました。十分ご注意ください。,2026-06-09,chitose-city_2024_2026-06-09.html,parsed from heading/body pattern; location extracted by direct location before bear phrase
千歳市,千歳市 2024年 ヒグマ目撃情報,https://www.city.chitose.lg.jp/c50/1002703/1002708/1004033.html,2024,3,3月27日(水曜日) 午後4：50頃,千歳市幌美内の国道453号のポロピナイ展望台から札幌方面へ約700m進んだ付近,目撃,3月27日(水曜日) 午後4：50頃、千歳市幌美内の国道453号のポロピナイ展望台から札幌方面へ約700m進んだ付近でクマの目撃情報がありました。十分ご注意ください。,2026-06-09,chitose-city_2024_2026-06-09.html,parsed from heading/body pattern; location extracted by direct location before bear phrase
千歳市,千歳市 2024年 ヒグマ目撃情報,https://www.city.chitose.lg.jp/c50/1002703/1002708/1004033.html,2024,2,3月27日(水曜日) 午前5：10頃,千歳市泉沢の道道支笏湖公園線（16号線）の烏柵舞橋から支笏湖方面に約600m進んだ付近の山林,目撃,3月27日(水曜日) 午前5：10頃、千歳市泉沢の道道支笏湖公園線（16号線）の烏柵舞橋から支笏湖方面に約600m進んだ付近の山林でクマの目撃情報がありました。十分ご注意ください。,2026-06-09,chitose-city_2024_2026-06-09.html,parsed from heading/body pattern; location extracted by direct location before bear phrase
千歳市,千歳市 2024年 ヒグマ目撃情報,https://www.city.chitose.lg.jp/c50/1002703/1002708/1004033.html,2024,1,3月20日(水曜日) 午前10：08頃,千歳市水明郷の道道支笏湖公園線（16号線）と国道453号の分岐点信号付近,目撃,3月20日(水曜日) 午前10：08頃、千歳市水明郷の道道支笏湖公園線（16号線）と国道453号の分岐点信号付近でクマの目撃情報がありました。十分ご注意ください。,2026-06-09,chitose-city_2024_2026-06-09.html,parsed from heading/body pattern; location extracted by direct location before bear phrase
千歳市,千歳市 2023年 ヒグマ目撃情報,https://www.city.chitose.lg.jp/c50/1002703/1002708/1003809.html,2023,53,11月24日(金曜日)午前7時50分頃,千歳市水明郷の国道453号の滝の上バス停から東に約300メートル進んだ付近,目撃,11月24日(金曜日)午前7時50分頃、千歳市水明郷の国道453号の滝の上バス停から東に約300メートル進んだ付近でクマの目撃情報がありました。十分ご注意ください。,2026-06-09,chitose-city_2023_2026-06-09.html,parsed from heading/body pattern; location extracted by direct location before bear phrase
千歳市,千歳市 2023年 ヒグマ目撃情報,https://www.city.chitose.lg.jp/c50/1002703/1002708/1003809.html,2023,52,11月14日(火曜日) 午後3時54分頃,千歳市水明郷の道道支笏湖公園線（16号線）の分岐点バス停から千歳市街地方面へ約500メートル進んだ付近,目撃,11月14日(火曜日) 午後3時54分頃、千歳市水明郷の道道支笏湖公園線（16号線）の分岐点バス停から千歳市街地方面へ約500メートル進んだ付近で東から西へ横断するクマの目撃情報がありました。十分ご注意ください。,2026-06-09,chitose-city_2023_2026-06-09.html,parsed from heading/body pattern; location extracted by directional movement before bear sighting phrase
千歳市,千歳市 2023年 ヒグマ目撃情報,https://www.city.chitose.lg.jp/c50/1002703/1002708/1003809.html,2023,51,11月11日(土曜日) 午後3時30分頃,千歳市東丘の市道東丘泉郷線と国道234号の交差点から東へ約4キロメートルの畑,足跡,11月11日(土曜日) 午後3時30分頃、千歳市東丘の市道東丘泉郷線と国道234号の交差点から東へ約4キロメートルの畑でヒグマの足跡の発見情報がありました。十分ご注意ください。,2026-06-09,chitose-city_2023_2026-06-09.html,parsed from heading/body pattern; location extracted by direct location before bear phrase
千歳市,千歳市 2023年 ヒグマ目撃情報,https://www.city.chitose.lg.jp/c50/1002703/1002708/1003809.html,2023,50,11月3日(金曜日) 午前10時30分頃,千歳市幌美内の恵庭岳登山道入口から約500メートル登った付近,フン,11月3日(金曜日) 午前10時30分頃、千歳市幌美内の恵庭岳登山道入口から約500メートル登った付近でクマのフンの発見情報がありました。十分ご注意ください。,2026-06-09,chitose-city_2023_2026-06-09.html,parsed from heading/body pattern; location extracted by direct location before bear phrase
千歳市,千歳市 2023年 ヒグマ目撃情報,https://www.city.chitose.lg.jp/c50/1002703/1002708/1003809.html,2023,49,10月21日(土曜日) 午後11時30分頃,千歳市水明郷の道道支笏湖公園線（16号線）の水明郷パーキングから西へ約300メートル進んだ付近,目撃,10月21日(土曜日) 午後11時30分頃、千歳市水明郷の道道支笏湖公園線（16号線）の水明郷パーキングから西へ約300メートル進んだ付近でクマの目撃情報がありました。十分ご注意ください。,2026-06-09,chitose-city_2023_2026-06-09.html,parsed from heading/body pattern; location extracted by direct location before bear phrase
千歳市,千歳市 2023年 ヒグマ目撃情報,https://www.city.chitose.lg.jp/c50/1002703/1002708/1003809.html,2023,48,10月19日(木曜日) 午後4時10分頃,千歳市泉沢の道道泉沢新千歳空港線の新千歳空港インターチェンジから西へ約1キロメートル進んだ付近,目撃,10月19日(木曜日) 午後4時10分頃、千歳市泉沢の道道泉沢新千歳空港線の新千歳空港インターチェンジから西へ約1キロメートル進んだ付近でクマの目撃情報がありました。十分ご注意ください。,2026-06-09,chitose-city_2023_2026-06-09.html,parsed from heading/body pattern; location extracted by direct location before bear phrase
千歳市,千歳市 2023年 ヒグマ目撃情報,https://www.city.chitose.lg.jp/c50/1002703/1002708/1003809.html,2023,47,10月18日(水曜日) 午後5時40分頃,千歳市泉沢の若草公園野球場付近の森林,目撃,10月18日(水曜日) 午後5時40分頃、千歳市泉沢の若草公園野球場付近の森林でヒグマの目撃情報がありました。十分ご注意ください。,2026-06-09,chitose-city_2023_2026-06-09.html,parsed from heading/body pattern; location extracted by direct location before bear phrase
千歳市,千歳市 2023年 ヒグマ目撃情報,https://www.city.chitose.lg.jp/c50/1002703/1002708/1003809.html,2023,46,10月15日(日曜日)午前11時40分頃,千歳市水明郷の国道453号の滝の上バス停から西に約100メートル進んだ付近,目撃,10月15日(日曜日)午前11時40分頃、千歳市水明郷の国道453号の滝の上バス停から西に約100メートル進んだ付近でクマの目撃情報がありました。十分ご注意ください。,2026-06-09,chitose-city_2023_2026-06-09.html,parsed from heading/body pattern; location extracted by direct location before bear phrase
千歳市,千歳市 2023年 ヒグマ目撃情報,https://www.city.chitose.lg.jp/c50/1002703/1002708/1003809.html,2023,45,10月9日(月曜日) 午前5時40分頃,千歳市水明郷の道道支笏湖公園線（16号線）の藤の沢林道入口から東に約600メートル進んだ付近,目撃,10月9日(月曜日) 午前5時40分頃、千歳市水明郷の道道支笏湖公園線（16号線）の藤の沢林道入口から東に約600メートル進んだ付近で南から北へ横断するクマの目撃情報がありました。十分ご注意ください。,2026-06-09,chitose-city_2023_2026-06-09.html,parsed from heading/body pattern; location extracted by directional movement before bear sighting phrase
千歳市,千歳市 2023年 ヒグマ目撃情報,https://www.city.chitose.lg.jp/c50/1002703/1002708/1003809.html,2023,44,10月4日(水曜日) 午後6時31分頃,千歳市水明郷の道道支笏湖公園線（16号線）の烏柵舞林道入口から支笏湖方面に約800メートル進んだ付近,目撃,10月4日(水曜日) 午後6時31分頃、千歳市水明郷の道道支笏湖公園線（16号線）の烏柵舞林道入口から支笏湖方面に約800メートル進んだ付近で北から南へ横断するクマの目撃情報がありました。十分ご注意ください。,2026-06-09,chitose-city_2023_2026-06-09.html,parsed from heading/body pattern; location extracted by directional movement before bear sighting phrase
千歳市,千歳市 2023年 ヒグマ目撃情報,https://www.city.chitose.lg.jp/c50/1002703/1002708/1003809.html,2023,43,10月2日(月曜日) 午前8時10分頃,千歳市水明郷の道道支笏湖公園線（16号線）の水明郷パーキングから西へ約500メートル進んだ付近,目撃,10月2日(月曜日) 午前8時10分頃、千歳市水明郷の道道支笏湖公園線（16号線）の水明郷パーキングから西へ約500メートル進んだ付近でクマの目撃情報がありました。十分ご注意ください。,2026-06-09,chitose-city_2023_2026-06-09.html,parsed from heading/body pattern; location extracted by direct location before bear phrase
千歳市,千歳市 2023年 ヒグマ目撃情報,https://www.city.chitose.lg.jp/c50/1002703/1002708/1003809.html,2023,42,10月1日(日曜日) 午後2時05分頃,千歳市水明郷の道道支笏湖公園線（16号線）の水明郷パーキングから西へ約500メートル進んだ付近,目撃,10月1日(日曜日) 午後2時05分頃、千歳市水明郷の道道支笏湖公園線（16号線）の水明郷パーキングから西へ約500メートル進んだ付近でクマの目撃情報がありました。十分ご注意ください。,2026-06-09,chitose-city_2023_2026-06-09.html,parsed from heading/body pattern; location extracted by direct location before bear phrase
千歳市,千歳市 2023年 ヒグマ目撃情報,https://www.city.chitose.lg.jp/c50/1002703/1002708/1003809.html,2023,41,9月30日(土曜日) 午前8時20分頃,千歳市水明郷の道道支笏湖公園線（16号線）の水明郷パーキングから西へ1.5キロメートル進んだ付近,目撃,9月30日(土曜日) 午前8時20分頃、千歳市水明郷の道道支笏湖公園線（16号線）の水明郷パーキングから西へ1.5キロメートル進んだ付近で北へ移動するクマの目撃情報がありました。十分ご注意ください。,2026-06-09,chitose-city_2023_2026-06-09.html,parsed from heading/body pattern; location extracted by directional movement before bear sighting phrase
千歳市,千歳市 2023年 ヒグマ目撃情報,https://www.city.chitose.lg.jp/c50/1002703/1002708/1003809.html,2023,40,9月24日(日曜日) 午後7時50分頃,千歳市美笛の国道276号の美笛トンネルから伊達市方面へ約200メートル進んだ付近,目撃,9月24日(日曜日) 午後7時50分頃、千歳市美笛の国道276号の美笛トンネルから伊達市方面へ約200メートル進んだ付近でクマの目撃情報がありました。十分ご注意ください。,2026-06-09,chitose-city_2023_2026-06-09.html,parsed from heading/body pattern; location extracted by direct location before bear phrase
千歳市,千歳市 2023年 ヒグマ目撃情報,https://www.city.chitose.lg.jp/c50/1002703/1002708/1003809.html,2023,39,9月23日(土曜日)午後7時18分頃,千歳市西森の道道支笏湖公園線（16号線）の第一発電所バス停付近のカーブから千歳市街地方面へ約200メートル進んだ付近,目撃,9月23日(土曜日)午後7時18分頃、千歳市西森の道道支笏湖公園線（16号線）の第一発電所バス停付近のカーブから千歳市街地方面へ約200メートル進んだ付近でクマの目撃情報がありました。十分ご注意ください。,2026-06-09,chitose-city_2023_2026-06-09.html,parsed from heading/body pattern; location extracted by direct location before bear phrase
千歳市,千歳市 2023年 ヒグマ目撃情報,https://www.city.chitose.lg.jp/c50/1002703/1002708/1003809.html,2023,38,9月19日(水曜日)午後5時45分頃,千歳市水明郷の国道453号の滝の上バス停から東に約100メートル進んだ付近,目撃,9月19日(水曜日)午後5時45分頃、千歳市水明郷の国道453号の滝の上バス停から東に約100メートル進んだ付近でクマの目撃情報がありました。十分ご注意ください。,2026-06-09,chitose-city_2023_2026-06-09.html,parsed from heading/body pattern; location extracted by direct location before bear phrase
千歳市,千歳市 2023年 ヒグマ目撃情報,https://www.city.chitose.lg.jp/c50/1002703/1002708/1003809.html,2023,37,9月19日(火曜日)午後3時45分頃,千歳市支笏湖温泉の国道453号の石狩森林管理署支笏森林事務所に向かうT字路の交差点から東に約100メートル進んだ付近,目撃,9月19日(火曜日)午後3時45分頃、千歳市支笏湖温泉の国道453号の石狩森林管理署支笏森林事務所に向かうT字路の交差点から東に約100メートル進んだ付近でクマの目撃情報がありました。十分ご注意ください。,2026-06-09,chitose-city_2023_2026-06-09.html,parsed from heading/body pattern; location extracted by direct location before bear phrase
千歳市,千歳市 2023年 ヒグマ目撃情報,https://www.city.chitose.lg.jp/c50/1002703/1002708/1003809.html,2023,36,9月17日(日曜日) 午後11時00分頃,千歳市西森の道道支笏湖公園線（16号線）の分岐点バス停から苫小牧方面へ約100メートル進んだ国道453号,目撃,9月17日(日曜日) 午後11時00分頃、千歳市西森の道道支笏湖公園線（16号線）の分岐点バス停から苫小牧方面へ約100メートル進んだ国道453号を西から東へ横断するクマの目撃情報がありました。十分ご注意ください。,2026-06-09,chitose-city_2023_2026-06-09.html,parsed from heading/body pattern; location extracted by location before directional crossing with を phrase
千歳市,千歳市 2023年 ヒグマ目撃情報,https://www.city.chitose.lg.jp/c50/1002703/1002708/1003809.html,2023,35,9月10日(日曜日) 午後6時50分頃,千歳市泉沢の泉沢西通の里美5丁目バス停付近,目撃,9月10日(日曜日) 午後6時50分頃、千歳市泉沢の泉沢西通の里美5丁目バス停付近でクマの目撃情報がありました。十分ご注意ください。,2026-06-09,chitose-city_2023_2026-06-09.html,parsed from heading/body pattern; location extracted by direct location before bear phrase
千歳市,千歳市 2023年 ヒグマ目撃情報,https://www.city.chitose.lg.jp/c50/1002703/1002708/1003809.html,2023,34,8月19日(土曜日) 午後0時27分頃,千歳市平和の道道泉沢新千歳空港線の新千歳空港インターチェンジから東へ1.5キロメートル付近,目撃,8月19日(土曜日) 午後0時27分頃、千歳市平和の道道泉沢新千歳空港線の新千歳空港インターチェンジから東へ1.5キロメートル付近で北から南へ横断するクマの目撃情報がありました。十分ご注意ください。,2026-06-09,chitose-city_2023_2026-06-09.html,parsed from heading/body pattern; location extracted by directional movement before bear sighting phrase
千歳市,千歳市 2023年 ヒグマ目撃情報,https://www.city.chitose.lg.jp/c50/1002703/1002708/1003809.html,2023,33,7月25日(火曜日) 午後8時05分頃,千歳市泉沢の真町泉沢大通の泉沢東大通との分岐付近,目撃,7月25日(火曜日) 午後8時05分頃、千歳市泉沢の真町泉沢大通の泉沢東大通との分岐付近でクマの目撃情報がありました。十分ご注意ください。,2026-06-09,chitose-city_2023_2026-06-09.html,parsed from heading/body pattern; location extracted by direct location before bear phrase
千歳市,千歳市 2023年 ヒグマ目撃情報,https://www.city.chitose.lg.jp/c50/1002703/1002708/1003809.html,2023,32,7月10日(月曜日) 午前10時40分頃,千歳市美笛の道道支笏湖線（78号線）の美笛橋から南に約400メートル進んだ付近,目撃,7月10日(月曜日) 午前10時40分頃、千歳市美笛の道道支笏湖線（78号線）の美笛橋から南に約400メートル進んだ付近でクマの目撃情報がありました。十分ご注意ください。,2026-06-09,chitose-city_2023_2026-06-09.html,parsed from heading/body pattern; location extracted by direct location before bear phrase
千歳市,千歳市 2023年 ヒグマ目撃情報,https://www.city.chitose.lg.jp/c50/1002703/1002708/1003809.html,2023,31,7月5日(水曜日) 午前8時27分頃,千歳市支寒内の国道276号の道道支笏湖線（78号線）との分岐付近,目撃,7月5日(水曜日) 午前8時27分頃、千歳市支寒内の国道276号の道道支笏湖線（78号線）との分岐付近で西から東へ横断するクマの目撃情報がありました。十分ご注意ください。,2026-06-09,chitose-city_2023_2026-06-09.html,parsed from heading/body pattern; location extracted by directional movement before bear sighting phrase
千歳市,千歳市 2023年 ヒグマ目撃情報,https://www.city.chitose.lg.jp/c50/1002703/1002708/1003809.html,2023,30,6月24日(土曜日)午前8時55分頃,千歳市美々の国道36号の苫小牧市との境界から北に約500メートル進んだ付近,目撃,6月24日(土曜日)午前8時55分頃、千歳市美々の国道36号の苫小牧市との境界から北に約500メートル進んだ付近で東から西へ横断するクマの目撃情報がありました。十分ご注意ください。,2026-06-09,chitose-city_2023_2026-06-09.html,parsed from heading/body pattern; location extracted by directional movement before bear sighting phrase
千歳市,千歳市 2023年 ヒグマ目撃情報,https://www.city.chitose.lg.jp/c50/1002703/1002708/1003809.html,2023,29,6月22日(木曜日)午前7時00分頃,千歳市水明郷の国道453号の滝の上バス停から東に約100メートル進んだ付近,目撃,6月22日(木曜日)午前7時00分頃、千歳市水明郷の国道453号の滝の上バス停から東に約100メートル進んだ付近で北へ移動するクマの目撃情報がありました。十分ご注意ください。,2026-06-09,chitose-city_2023_2026-06-09.html,parsed from heading/body pattern; location extracted by directional movement before bear sighting phrase
千歳市,千歳市 2023年 ヒグマ目撃情報,https://www.city.chitose.lg.jp/c50/1002703/1002708/1003809.html,2023,28,6月17日(土曜日) 午後7時00分頃,千歳市美笛の国道276号線の春笛橋付近,目撃,6月17日(土曜日) 午後7時00分頃、千歳市美笛の国道276号線の春笛橋付近でクマの目撃情報がありました。十分ご注意ください。,2026-06-09,chitose-city_2023_2026-06-09.html,parsed from heading/body pattern; location extracted by direct location before bear phrase
千歳市,千歳市 2023年 ヒグマ目撃情報,https://www.city.chitose.lg.jp/c50/1002703/1002708/1003809.html,2023,27,6月17日(土曜日) 午後6時30分頃,千歳市美笛の道道支笏湖線（78号線）の美笛橋から南に約400メートル進んだ付近,目撃,6月17日(土曜日) 午後6時30分頃、千歳市美笛の道道支笏湖線（78号線）の美笛橋から南に約400メートル進んだ付近で東から西へ横断するクマの目撃情報がありました。十分ご注意ください。,2026-06-09,chitose-city_2023_2026-06-09.html,parsed from heading/body pattern; location extracted by directional movement before bear sighting phrase
千歳市,千歳市 2023年 ヒグマ目撃情報,https://www.city.chitose.lg.jp/c50/1002703/1002708/1003809.html,2023,26,6月17日(土曜日) 午後6時05分頃,千歳市水明郷の道道支笏湖公園線（16号線）の第一発電所バス停付近のカーブから市街地方面へ250メートル進んだ付近,目撃,6月17日(土曜日) 午後6時05分頃、千歳市水明郷の道道支笏湖公園線（16号線）の第一発電所バス停付近のカーブから市街地方面へ250メートル進んだ付近で南から北へ横断するクマの目撃情報がありました。十分ご注意ください。,2026-06-09,chitose-city_2023_2026-06-09.html,parsed from heading/body pattern; location extracted by directional movement before bear sighting phrase
千歳市,千歳市 2023年 ヒグマ目撃情報,https://www.city.chitose.lg.jp/c50/1002703/1002708/1003809.html,2023,25,6月16日(金曜日) 午前9時23分頃,千歳市美笛の国道276号から道道支笏湖線（78号線）を約500メートル進んだ付近,目撃,6月16日(金曜日) 午前9時23分頃、千歳市美笛の国道276号から道道支笏湖線（78号線）を約500メートル進んだ付近で東から西へ横断するクマの目撃情報がありました。十分ご注意ください。,2026-06-09,chitose-city_2023_2026-06-09.html,parsed from heading/body pattern; location extracted by directional movement before bear sighting phrase
千歳市,千歳市 2023年 ヒグマ目撃情報,https://www.city.chitose.lg.jp/c50/1002703/1002708/1003809.html,2023,24,6月16日(金曜日) 午前9時00分頃,千歳市水明郷の道道支笏湖公園線（16号線）の水明郷パーキング付近,目撃,6月16日(金曜日) 午前9時00分頃、千歳市水明郷の道道支笏湖公園線（16号線）の水明郷パーキング付近で南から北へ横断するクマの目撃情報がありました。十分ご注意ください。,2026-06-09,chitose-city_2023_2026-06-09.html,parsed from heading/body pattern; location extracted by directional movement before bear sighting phrase
千歳市,千歳市 2023年 ヒグマ目撃情報,https://www.city.chitose.lg.jp/c50/1002703/1002708/1003809.html,2023,23,6月15日(木曜日) 午後8時00分頃,千歳市水明郷の道道支笏湖公園線（16号線）の水明郷パーキングから西へ1キロメートル進んだ付近,目撃,6月15日(木曜日) 午後8時00分頃、千歳市水明郷の道道支笏湖公園線（16号線）の水明郷パーキングから西へ1キロメートル進んだ付近で北へ移動するクマの目撃情報がありました。十分ご注意ください。,2026-06-09,chitose-city_2023_2026-06-09.html,parsed from heading/body pattern; location extracted by directional movement before bear sighting phrase
千歳市,千歳市 2023年 ヒグマ目撃情報,https://www.city.chitose.lg.jp/c50/1002703/1002708/1003809.html,2023,22,6月15日(木曜日) 午後4時50分頃,千歳市水明郷の道道支笏湖公園線（16号線）の丸山縦断林道入口付近,目撃,6月15日(木曜日) 午後4時50分頃、千歳市水明郷の道道支笏湖公園線（16号線）の丸山縦断林道入口付近で南から北へ横断するクマの目撃情報がありました。十分ご注意ください。,2026-06-09,chitose-city_2023_2026-06-09.html,parsed from heading/body pattern; location extracted by directional movement before bear sighting phrase
千歳市,千歳市 2023年 ヒグマ目撃情報,https://www.city.chitose.lg.jp/c50/1002703/1002708/1003809.html,2023,21,6月12日(月曜日) 午前7時21分頃,千歳市美笛の国道276号の千歳橋から西へ約400メートル進んだ付近,目撃,6月12日(月曜日) 午前7時21分頃、千歳市美笛の国道276号の千歳橋から西へ約400メートル進んだ付近でクマの目撃情報がありました。十分ご注意ください。,2026-06-09,chitose-city_2023_2026-06-09.html,parsed from heading/body pattern; location extracted by direct location before bear phrase
千歳市,千歳市 2023年 ヒグマ目撃情報,https://www.city.chitose.lg.jp/c50/1002703/1002708/1003809.html,2023,20,6月10日(土曜日) 午前9時21分頃,千歳市美笛の道道支笏湖線（78号線）の美笛橋から国道276号方面へ約200メートル進んだ付近,目撃,6月10日(土曜日) 午前9時21分頃、千歳市美笛の道道支笏湖線（78号線）の美笛橋から国道276号方面へ約200メートル進んだ付近でクマの目撃情報がありました。十分ご注意ください。,2026-06-09,chitose-city_2023_2026-06-09.html,parsed from heading/body pattern; location extracted by direct location before bear phrase
千歳市,千歳市 2023年 ヒグマ目撃情報,https://www.city.chitose.lg.jp/c50/1002703/1002708/1003809.html,2023,19,6月7日(水曜日) 午前11時10分頃,千歳市美笛の美笛キャンプ場入場ゲート手前約300メートル付近,目撃,6月7日(水曜日) 午前11時10分頃、千歳市美笛の美笛キャンプ場入場ゲート手前約300メートル付近でクマの目撃情報がありました。十分ご注意ください。,2026-06-09,chitose-city_2023_2026-06-09.html,parsed from heading/body pattern; location extracted by direct location before bear phrase
千歳市,千歳市 2023年 ヒグマ目撃情報,https://www.city.chitose.lg.jp/c50/1002703/1002708/1003809.html,2023,18,6月5日(月曜日) 午後7時20分頃,千歳市水明郷の道道支笏湖公園線（16号線）の東烏柵舞バス停付近,目撃,6月5日(月曜日) 午後7時20分頃、千歳市水明郷の道道支笏湖公園線（16号線）の東烏柵舞バス停付近で北から南へ横断するクマの目撃情報がありました。十分ご注意ください。,2026-06-09,chitose-city_2023_2026-06-09.html,parsed from heading/body pattern; location extracted by directional movement before bear sighting phrase
千歳市,千歳市 2023年 ヒグマ目撃情報,https://www.city.chitose.lg.jp/c50/1002703/1002708/1003809.html,2023,17,5月31日(水曜日) 午後8時15分頃,千歳市泉沢の青葉公園中央広場第2駐車場奥の林,目撃,5月31日(水曜日) 午後8時15分頃、千歳市泉沢の青葉公園中央広場第2駐車場奥の林でクマの目撃情報がありました。十分ご注意ください。,2026-06-09,chitose-city_2023_2026-06-09.html,parsed from heading/body pattern; location extracted by direct location before bear phrase
千歳市,千歳市 2023年 ヒグマ目撃情報,https://www.city.chitose.lg.jp/c50/1002703/1002708/1003809.html,2023,16,5月28日(日曜日) 午後0時05分頃,千歳市泉沢の真町泉沢大通からママチ川林道を約100メートル進んだ付近,目撃,5月28日(日曜日) 午後0時05分頃、千歳市泉沢の真町泉沢大通からママチ川林道を約100メートル進んだ付近でクマの目撃情報がありました。十分ご注意ください。,2026-06-09,chitose-city_2023_2026-06-09.html,parsed from heading/body pattern; location extracted by direct location before bear phrase
千歳市,千歳市 2023年 ヒグマ目撃情報,https://www.city.chitose.lg.jp/c50/1002703/1002708/1003809.html,2023,15,5月27日(土曜日) 午後1時20分頃,千歳市泉沢の真町泉沢大通の道央自動車道高架下付近,目撃,5月27日(土曜日) 午後1時20分頃、千歳市泉沢の真町泉沢大通の道央自動車道高架下付近でクマの目撃情報がありました。十分ご注意ください。,2026-06-09,chitose-city_2023_2026-06-09.html,parsed from heading/body pattern; location extracted by direct location before bear phrase
千歳市,千歳市 2023年 ヒグマ目撃情報,https://www.city.chitose.lg.jp/c50/1002703/1002708/1003809.html,2023,14,5月27日(土曜日) 午前10時50分頃,千歳市美笛の国道276号の千歳橋付近,目撃,5月27日(土曜日) 午前10時50分頃、千歳市美笛の国道276号の千歳橋付近でクマの目撃情報がありました。十分ご注意ください。,2026-06-09,chitose-city_2023_2026-06-09.html,parsed from heading/body pattern; location extracted by direct location before bear phrase
千歳市,千歳市 2023年 ヒグマ目撃情報,https://www.city.chitose.lg.jp/c50/1002703/1002708/1003809.html,2023,13,5月24日(水曜日) 午前7時00分頃,千歳市水明郷の道道支笏湖公園線（16号線）の水明郷パーキング付近,目撃,5月24日(水曜日) 午前7時00分頃、千歳市水明郷の道道支笏湖公園線（16号線）の水明郷パーキング付近で北から南へ横断するクマの目撃情報がありました。十分ご注意ください。,2026-06-09,chitose-city_2023_2026-06-09.html,parsed from heading/body pattern; location extracted by directional movement before bear sighting phrase
千歳市,千歳市 2023年 ヒグマ目撃情報,https://www.city.chitose.lg.jp/c50/1002703/1002708/1003809.html,2023,12,5月23日(火曜日) 午後5時50分頃,千歳市西森の道道支笏湖公園線（16号線）の分岐点バス停から苫小牧方面へ約100メートル進んだ国道453号,目撃,5月23日(火曜日) 午後5時50分頃、千歳市西森の道道支笏湖公園線（16号線）の分岐点バス停から苫小牧方面へ約100メートル進んだ国道453号を西から東へ横断するクマの目撃情報がありました。十分ご注意ください。,2026-06-09,chitose-city_2023_2026-06-09.html,parsed from heading/body pattern; location extracted by location before directional crossing with を phrase
千歳市,千歳市 2023年 ヒグマ目撃情報,https://www.city.chitose.lg.jp/c50/1002703/1002708/1003809.html,2023,11,5月18日(木曜日) 午前7時15分頃,千歳市水明郷の道道支笏湖公園線（16号線）の烏柵舞林道入口から支笏湖方面に約700メートル進んだ付近,目撃,5月18日(木曜日) 午前7時15分頃、千歳市水明郷の道道支笏湖公園線（16号線）の烏柵舞林道入口から支笏湖方面に約700メートル進んだ付近で南から北へ横断するクマの目撃情報がありました。十分ご注意ください。,2026-06-09,chitose-city_2023_2026-06-09.html,parsed from heading/body pattern; location extracted by directional movement before bear sighting phrase
千歳市,千歳市 2023年 ヒグマ目撃情報,https://www.city.chitose.lg.jp/c50/1002703/1002708/1003809.html,2023,10,5月18日(木曜日) 午前5時15分頃,千歳市白樺6丁目付近,目撃,5月18日(木曜日) 午前5時15分頃、千歳市白樺6丁目付近でクマの目撃情報がありました。十分ご注意ください。,2026-06-09,chitose-city_2023_2026-06-09.html,parsed from heading/body pattern; location extracted by direct location before bear phrase
千歳市,千歳市 2023年 ヒグマ目撃情報,https://www.city.chitose.lg.jp/c50/1002703/1002708/1003809.html,2023,9,5月16日(火曜日) 午前11時20分頃,千歳市支笏湖温泉の紋別岳登山口付近,目撃,5月16日(火曜日) 午前11時20分頃、千歳市支笏湖温泉の紋別岳登山口付近でクマの目撃情報がありました。十分ご注意ください。,2026-06-09,chitose-city_2023_2026-06-09.html,parsed from heading/body pattern; location extracted by direct location before bear phrase
千歳市,千歳市 2023年 ヒグマ目撃情報,https://www.city.chitose.lg.jp/c50/1002703/1002708/1003809.html,2023,8,5月14日(日曜日) 午後10時30分頃,千歳市泉沢の真町泉沢大通の道央自動車道高架下から向陽台方面へ400メートル進んだ付近,目撃,5月14日(日曜日) 午後10時30分頃、千歳市泉沢の真町泉沢大通の道央自動車道高架下から向陽台方面へ400メートル進んだ付近でクマの目撃情報がありました。十分ご注意ください。,2026-06-09,chitose-city_2023_2026-06-09.html,parsed from heading/body pattern; location extracted by direct location before bear phrase
千歳市,千歳市 2023年 ヒグマ目撃情報,https://www.city.chitose.lg.jp/c50/1002703/1002708/1003809.html,2023,7,5月14日(日曜日) 午後7時55分頃,千歳市泉沢の真町泉沢大通の向陽橋から市街地方面へ100メートル進んだ付近,目撃,5月14日(日曜日) 午後7時55分頃、千歳市泉沢の真町泉沢大通の向陽橋から市街地方面へ100メートル進んだ付近でクマの目撃情報がありました。十分ご注意ください。,2026-06-09,chitose-city_2023_2026-06-09.html,parsed from heading/body pattern; location extracted by direct location before bear phrase
千歳市,千歳市 2023年 ヒグマ目撃情報,https://www.city.chitose.lg.jp/c50/1002703/1002708/1003809.html,2023,6,5月12日(金曜日) 午後9時05分頃,千歳市泉沢の真町泉沢大通の道央自動車道高架下から向陽台方面へ400メートル進んだ付近,目撃,5月12日(金曜日) 午後9時05分頃、千歳市泉沢の真町泉沢大通の道央自動車道高架下から向陽台方面へ400メートル進んだ付近でクマの目撃情報がありました。十分ご注意ください。,2026-06-09,chitose-city_2023_2026-06-09.html,parsed from heading/body pattern; location extracted by direct location before bear phrase
千歳市,千歳市 2023年 ヒグマ目撃情報,https://www.city.chitose.lg.jp/c50/1002703/1002708/1003809.html,2023,5,5月11日(木曜日)午後7時55分頃,千歳市泉沢の真町泉沢大通の市民スキー場付近,目撃,5月11日(木曜日)午後7時55分頃、千歳市泉沢の真町泉沢大通の市民スキー場付近でクマの目撃情報がありました。十分ご注意ください。,2026-06-09,chitose-city_2023_2026-06-09.html,parsed from heading/body pattern; location extracted by direct location before bear phrase
千歳市,千歳市 2023年 ヒグマ目撃情報,https://www.city.chitose.lg.jp/c50/1002703/1002708/1003809.html,2023,4,5月11日(木曜日) 午後7時43分頃,千歳市泉沢の真町泉沢大通の道央自動車道高架下から向陽台方面へ100メートル進んだ付近,目撃,5月11日(木曜日) 午後7時43分頃、千歳市泉沢の真町泉沢大通の道央自動車道高架下から向陽台方面へ100メートル進んだ付近でクマの目撃情報がありました。十分ご注意ください。,2026-06-09,chitose-city_2023_2026-06-09.html,parsed from heading/body pattern; location extracted by direct location before bear phrase
千歳市,千歳市 2023年 ヒグマ目撃情報,https://www.city.chitose.lg.jp/c50/1002703/1002708/1003809.html,2023,3,5月9日(火曜日) 午後3時35分頃,千歳市幌美内の恵庭岳1合目付近,目撃,5月9日(火曜日) 午後3時35分頃、千歳市幌美内の恵庭岳1合目付近でクマの目撃情報がありました。十分ご注意ください。,2026-06-09,chitose-city_2023_2026-06-09.html,parsed from heading/body pattern; location extracted by direct location before bear phrase
千歳市,千歳市 2023年 ヒグマ目撃情報,https://www.city.chitose.lg.jp/c50/1002703/1002708/1003809.html,2023,2,4月19日(水曜日) 午後0時30分頃,千歳市支笏湖温泉の国道453号の北無料駐車場から東へ約500メートル付近,目撃,4月19日(水曜日) 午後0時30分頃、千歳市支笏湖温泉の国道453号の北無料駐車場から東へ約500メートル付近でクマの目撃情報がありました。十分ご注意ください。,2026-06-09,chitose-city_2023_2026-06-09.html,parsed from heading/body pattern; location extracted by direct location before bear phrase
千歳市,千歳市 2023年 ヒグマ目撃情報,https://www.city.chitose.lg.jp/c50/1002703/1002708/1003809.html,2023,1,3月17日(金曜日) 午前8時45分頃,千歳市支笏湖温泉の紋別岳登山道5合目付近,目撃,3月17日(金曜日) 午前8時45分頃、千歳市支笏湖温泉の紋別岳登山道5合目付近でクマの目撃情報がありました。十分ご注意ください。,2026-06-09,chitose-city_2023_2026-06-09.html,parsed from heading/body pattern; location extracted by direct location before bear phrase
千歳市,千歳市 2022年 ヒグマ目撃情報,https://www.city.chitose.lg.jp/c50/1002703/1002708/1003659.html,2022,40,12月5日(月曜日) 午前10時00分頃,千歳市泉郷のグレート札幌カントリー倶楽部の敷地内,足跡,12月5日(月曜日) 午前10時00分頃、千歳市泉郷のグレート札幌カントリー倶楽部の敷地内でクマの足跡の発見情報がありました。十分ご注意ください。,2026-06-09,chitose-city_2022_2026-06-09.html,parsed from heading/body pattern; location extracted by direct location before bear phrase
千歳市,千歳市 2022年 ヒグマ目撃情報,https://www.city.chitose.lg.jp/c50/1002703/1002708/1003659.html,2022,39,11月13日(日曜日) 午後7時39分頃,千歳市モラップの国道276号線の支笏小橋から東へ約400メートル付近,目撃,11月13日(日曜日) 午後7時39分頃、千歳市モラップの国道276号線の支笏小橋から東へ約400メートル付近でクマの目撃情報がありました。十分ご注意ください。,2026-06-09,chitose-city_2022_2026-06-09.html,parsed from heading/body pattern; location extracted by direct location before bear phrase
千歳市,千歳市 2022年 ヒグマ目撃情報,https://www.city.chitose.lg.jp/c50/1002703/1002708/1003659.html,2022,38,11月12日(土曜日) 午後10時40分頃,千歳市泉沢の真町泉沢大通の市民スキー場付近,目撃,11月12日(土曜日) 午後10時40分頃、千歳市泉沢の真町泉沢大通の市民スキー場付近で北から南へ横断するクマの目撃情報がありました。十分ご注意ください。,2026-06-09,chitose-city_2022_2026-06-09.html,parsed from heading/body pattern; location extracted by directional movement before bear sighting phrase
千歳市,千歳市 2022年 ヒグマ目撃情報,https://www.city.chitose.lg.jp/c50/1002703/1002708/1003659.html,2022,37,10月26日(水曜日)午前8時55分頃,千歳市水明郷の道道支笏湖公園線（16号線）の水明郷パーキングから支笏湖方面へ約800メートル進んだ付近,目撃,10月26日(水曜日)午前8時55分頃、千歳市水明郷の道道支笏湖公園線（16号線）の水明郷パーキングから支笏湖方面へ約800メートル進んだ付近でクマの目撃情報がありました。十分ご注意ください。,2026-06-09,chitose-city_2022_2026-06-09.html,parsed from heading/body pattern; location extracted by direct location before bear phrase
千歳市,千歳市 2022年 ヒグマ目撃情報,https://www.city.chitose.lg.jp/c50/1002703/1002708/1003659.html,2022,36,10月18日(火曜日) 午前6時42分頃,千歳市水明郷の道道支笏湖公園線（16号線）の水明郷パーキングから千歳方面へ約1キロメートル進んだ付近,目撃,10月18日(火曜日) 午前6時42分頃、千歳市水明郷の道道支笏湖公園線（16号線）の水明郷パーキングから千歳方面へ約1キロメートル進んだ付近で北から南へ横断するクマの目撃情報がありました。十分ご注意ください。,2026-06-09,chitose-city_2022_2026-06-09.html,parsed from heading/body pattern; location extracted by directional movement before bear sighting phrase
千歳市,千歳市 2022年 ヒグマ目撃情報,https://www.city.chitose.lg.jp/c50/1002703/1002708/1003659.html,2022,35,10月13日(木曜日) 午前11時50分頃,千歳市支寒内の国道276号線の風不死岳北尾根コース登山口から西へ約2.2キロメートル付近,目撃,10月13日(木曜日) 午前11時50分頃、千歳市支寒内の国道276号線の風不死岳北尾根コース登山口から西へ約2.2キロメートル付近でクマの目撃情報がありました。十分ご注意ください。,2026-06-09,chitose-city_2022_2026-06-09.html,parsed from heading/body pattern; location extracted by direct location before bear phrase
千歳市,千歳市 2022年 ヒグマ目撃情報,https://www.city.chitose.lg.jp/c50/1002703/1002708/1003659.html,2022,34,10月7日(金曜日) 午後1時53分頃,千歳市モラップの国道276号線の支笏小橋付近,目撃,10月7日(金曜日) 午後1時53分頃、千歳市モラップの国道276号線の支笏小橋付近でクマの目撃情報がありました。十分ご注意ください。,2026-06-09,chitose-city_2022_2026-06-09.html,parsed from heading/body pattern; location extracted by direct location before bear phrase
千歳市,千歳市 2022年 ヒグマ目撃情報,https://www.city.chitose.lg.jp/c50/1002703/1002708/1003659.html,2022,33,10月7日(金曜日) 正午頃,千歳市モラップの国道276号線の風不死岳北尾根コース登山口から東へ約500メートル付近,目撃,10月7日(金曜日) 正午頃、千歳市モラップの国道276号線の風不死岳北尾根コース登山口から東へ約500メートル付近でクマの目撃情報がありました。十分ご注意ください。,2026-06-09,chitose-city_2022_2026-06-09.html,parsed from heading/body pattern; location extracted by direct location before bear phrase
千歳市,千歳市 2022年 ヒグマ目撃情報,https://www.city.chitose.lg.jp/c50/1002703/1002708/1003659.html,2022,32,10月5日(水曜日) 午後5時40分頃,千歳市泉沢の若草ヒツジ公園付近,目撃,10月5日(水曜日) 午後5時40分頃、千歳市泉沢の若草ヒツジ公園付近でクマの目撃情報がありました。十分ご注意ください。,2026-06-09,chitose-city_2022_2026-06-09.html,parsed from heading/body pattern; location extracted by direct location before bear phrase
千歳市,千歳市 2022年 ヒグマ目撃情報,https://www.city.chitose.lg.jp/c50/1002703/1002708/1003659.html,2022,31,9月25日(日曜日) 午後9時00分頃,千歳市泉沢の真町泉沢大通の市民スキー場から千歳方面へ約200メートル付近,目撃,9月25日(日曜日) 午後9時00分頃、千歳市泉沢の真町泉沢大通の市民スキー場から千歳方面へ約200メートル付近で南から北へ横断するクマの目撃情報がありました。十分ご注意ください。,2026-06-09,chitose-city_2022_2026-06-09.html,parsed from heading/body pattern; location extracted by directional movement before bear sighting phrase
千歳市,千歳市 2022年 ヒグマ目撃情報,https://www.city.chitose.lg.jp/c50/1002703/1002708/1003659.html,2022,30,9月21日(水曜日) 午後4時20分頃,千歳市水明郷の道道支笏湖公園線（16号線）の第一発電所入口から支笏湖方面へ約1.9キロメートル付近,目撃,9月21日(水曜日) 午後4時20分頃、千歳市水明郷の道道支笏湖公園線（16号線）の第一発電所入口から支笏湖方面へ約1.9キロメートル付近で西から東へ横断するクマの目撃情報がありました。十分ご注意ください。,2026-06-09,chitose-city_2022_2026-06-09.html,parsed from heading/body pattern; location extracted by directional movement before bear sighting phrase
千歳市,千歳市 2022年 ヒグマ目撃情報,https://www.city.chitose.lg.jp/c50/1002703/1002708/1003659.html,2022,29,9月16日(金曜日) 午前9時45分頃,千歳市水明郷の道道支笏湖公園線（16号線）の第一発電所入口から支笏湖方面へ約1キロメートル付近,目撃,9月16日(金曜日) 午前9時45分頃、千歳市水明郷の道道支笏湖公園線（16号線）の第一発電所入口から支笏湖方面へ約1キロメートル付近でクマの目撃情報がありました。十分ご注意ください。,2026-06-09,chitose-city_2022_2026-06-09.html,parsed from heading/body pattern; location extracted by direct location before bear phrase
千歳市,千歳市 2022年 ヒグマ目撃情報,https://www.city.chitose.lg.jp/c50/1002703/1002708/1003659.html,2022,28,9月12日(月曜日) 午後8時40分頃,千歳市協和の道道舞鶴追分線の第2近唐橋付近,目撃,9月12日(月曜日) 午後8時40分頃、千歳市協和の道道舞鶴追分線の第2近唐橋付近で西から東へ横断するクマの目撃情報がありました。十分ご注意ください。,2026-06-09,chitose-city_2022_2026-06-09.html,parsed from heading/body pattern; location extracted by directional movement before bear sighting phrase
千歳市,千歳市 2022年 ヒグマ目撃情報,https://www.city.chitose.lg.jp/c50/1002703/1002708/1003659.html,2022,27,9月12日(月曜日) 午後3時50分頃,千歳市泉沢の真町泉沢大通の市民スキー場から千歳方面へ約400メートル付近,目撃,9月12日(月曜日) 午後3時50分頃、千歳市泉沢の真町泉沢大通の市民スキー場から千歳方面へ約400メートル付近で北から南へ横断するクマの目撃情報がありました。十分ご注意ください。,2026-06-09,chitose-city_2022_2026-06-09.html,parsed from heading/body pattern; location extracted by directional movement before bear sighting phrase
千歳市,千歳市 2022年 ヒグマ目撃情報,https://www.city.chitose.lg.jp/c50/1002703/1002708/1003659.html,2022,26,9月3日(土曜日) 午後6時25分頃,千歳市水明郷の道道支笏湖公園線（16号線）の水明郷パーキングから千歳方面へ約100メートル進んだ付近,目撃,9月3日(土曜日) 午後6時25分頃、千歳市水明郷の道道支笏湖公園線（16号線）の水明郷パーキングから千歳方面へ約100メートル進んだ付近で北から南へ横断するクマの目撃情報がありました。十分ご注意ください。,2026-06-09,chitose-city_2022_2026-06-09.html,parsed from heading/body pattern; location extracted by directional movement before bear sighting phrase
千歳市,千歳市 2022年 ヒグマ目撃情報,https://www.city.chitose.lg.jp/c50/1002703/1002708/1003659.html,2022,25,9月3日(土曜日) 午前9時35分頃,千歳市平和の道道泉沢新千歳空港線の新千歳空港インターチェンジから東へ1キロメートル付近,目撃,9月3日(土曜日) 午前9時35分頃、千歳市平和の道道泉沢新千歳空港線の新千歳空港インターチェンジから東へ1キロメートル付近を北から南へ横断するクマの目撃情報がありました。十分ご注意ください。,2026-06-09,chitose-city_2022_2026-06-09.html,parsed from heading/body pattern; location extracted by location before directional crossing with を phrase
千歳市,千歳市 2022年 ヒグマ目撃情報,https://www.city.chitose.lg.jp/c50/1002703/1002708/1003659.html,2022,24,8月25日(木曜日) 午前6時30分頃,千歳市美笛の道道支笏湖線（78号線）の美笛橋から国道276号線方面に約200メートル進んだ付近,目撃,8月25日(木曜日) 午前6時30分頃、千歳市美笛の道道支笏湖線（78号線）の美笛橋から国道276号線方面に約200メートル進んだ付近でクマの目撃情報がありました。十分ご注意ください。,2026-06-09,chitose-city_2022_2026-06-09.html,parsed from heading/body pattern; location extracted by direct location before bear phrase
千歳市,千歳市 2022年 ヒグマ目撃情報,https://www.city.chitose.lg.jp/c50/1002703/1002708/1003659.html,2022,23,8月8日(月曜日) 午前6時30分頃,千歳市文京2丁目1-1付近,目撃,8月8日(月曜日) 午前6時30分頃、千歳市文京2丁目1-1付近でクマの目撃情報がありました。十分ご注意ください。,2026-06-09,chitose-city_2022_2026-06-09.html,parsed from heading/body pattern; location extracted by direct location before bear phrase
千歳市,千歳市 2022年 ヒグマ目撃情報,https://www.city.chitose.lg.jp/c50/1002703/1002708/1003659.html,2022,22,8月2日(火曜日) 午後5時50分頃,千歳市泉沢の道道支笏湖公園線（16号線）の烏柵舞橋から支笏湖方面に約300メートル進んだ付近,目撃,8月2日(火曜日) 午後5時50分頃、千歳市泉沢の道道支笏湖公園線（16号線）の烏柵舞橋から支笏湖方面に約300メートル進んだ付近で北から南へ横断するクマの目撃情報がありました。十分ご注意ください。,2026-06-09,chitose-city_2022_2026-06-09.html,parsed from heading/body pattern; location extracted by directional movement before bear sighting phrase
千歳市,千歳市 2022年 ヒグマ目撃情報,https://www.city.chitose.lg.jp/c50/1002703/1002708/1003659.html,2022,21,7月24日(日曜日) 午前7時50分頃,千歳市水明郷の道道支笏湖公園線（16号線）の烏柵舞林道入口から支笏湖方面に約500メートル進んだ付近,目撃,7月24日(日曜日) 午前7時50分頃、千歳市水明郷の道道支笏湖公園線（16号線）の烏柵舞林道入口から支笏湖方面に約500メートル進んだ付近で北から南へ横断するクマの目撃情報がありました。十分ご注意ください。,2026-06-09,chitose-city_2022_2026-06-09.html,parsed from heading/body pattern; location extracted by directional movement before bear sighting phrase
千歳市,千歳市 2022年 ヒグマ目撃情報,https://www.city.chitose.lg.jp/c50/1002703/1002708/1003659.html,2022,20,7月19日(火曜日) 午後6時06分頃,千歳市泉沢の道道支笏湖公園線（16号線）の烏柵舞林道入口から支笏湖方面に約200メートル進んだ付近の山林,目撃,7月19日(火曜日) 午後6時06分頃、千歳市泉沢の道道支笏湖公園線（16号線）の烏柵舞林道入口から支笏湖方面に約200メートル進んだ付近の山林でクマの目撃情報がありました。十分ご注意ください。,2026-06-09,chitose-city_2022_2026-06-09.html,parsed from heading/body pattern; location extracted by direct location before bear phrase
千歳市,千歳市 2022年 ヒグマ目撃情報,https://www.city.chitose.lg.jp/c50/1002703/1002708/1003659.html,2022,19,7月11日(月曜日) 午後3時05分頃,千歳市泉沢の真町泉沢大通の道央自動車道高架下から千歳方面へ約100メートル付近,目撃,7月11日(月曜日) 午後3時05分頃、千歳市泉沢の真町泉沢大通の道央自動車道高架下から千歳方面へ約100メートル付近で北から南へ横断するクマの目撃情報がありました。十分ご注意ください。,2026-06-09,chitose-city_2022_2026-06-09.html,parsed from heading/body pattern; location extracted by directional movement before bear sighting phrase
千歳市,千歳市 2022年 ヒグマ目撃情報,https://www.city.chitose.lg.jp/c50/1002703/1002708/1003659.html,2022,18,7月7日(木曜日) 午後7時25分頃,千歳市平和の道道泉沢新千歳空港線の新千歳空港インターチェンジから東へ2キロメートル付近,目撃,7月7日(木曜日) 午後7時25分頃、千歳市平和の道道泉沢新千歳空港線の新千歳空港インターチェンジから東へ2キロメートル付近を北から南へ横断するクマの目撃情報がありました。十分ご注意ください。,2026-06-09,chitose-city_2022_2026-06-09.html,parsed from heading/body pattern; location extracted by location before directional crossing with を phrase
千歳市,千歳市 2022年 ヒグマ目撃情報,https://www.city.chitose.lg.jp/c50/1002703/1002708/1003659.html,2022,17,7月4日(月曜日) 午後6時25分頃,千歳市西森の道道支笏湖公園線の王子製紙第一発電所付近のカーブから南へ300メートル付近,目撃,7月4日(月曜日) 午後6時25分頃、千歳市西森の道道支笏湖公園線の王子製紙第一発電所付近のカーブから南へ300メートル付近で東から西へ横断するクマの目撃情報がありました。十分ご注意ください。,2026-06-09,chitose-city_2022_2026-06-09.html,parsed from heading/body pattern; location extracted by directional movement before bear sighting phrase
千歳市,千歳市 2022年 ヒグマ目撃情報,https://www.city.chitose.lg.jp/c50/1002703/1002708/1003659.html,2022,16,7月2日(土曜日) 午後6時00分頃,千歳市藤の沢の東烏柵舞バス停付近,目撃,7月2日(土曜日) 午後6時00分頃、千歳市藤の沢の東烏柵舞バス停付近でクマの目撃情報がありました。十分ご注意ください。,2026-06-09,chitose-city_2022_2026-06-09.html,parsed from heading/body pattern; location extracted by direct location before bear phrase
千歳市,千歳市 2022年 ヒグマ目撃情報,https://www.city.chitose.lg.jp/c50/1002703/1002708/1003659.html,2022,15,6月30日(木曜日) 午後3時12分頃,千歳市泉沢の真町泉沢大通の向陽橋付近,目撃,6月30日(木曜日) 午後3時12分頃、千歳市泉沢の真町泉沢大通の向陽橋付近で南から北へ横断するクマの目撃情報がありました。十分ご注意ください。,2026-06-09,chitose-city_2022_2026-06-09.html,parsed from heading/body pattern; location extracted by directional movement before bear sighting phrase
千歳市,千歳市 2022年 ヒグマ目撃情報,https://www.city.chitose.lg.jp/c50/1002703/1002708/1003659.html,2022,14,6月26日(日曜日) 午後0時30分頃,千歳市泉沢の真町泉沢大通の市民スキー場から千歳方面へ約300メートル付近,目撃,6月26日(日曜日) 午後0時30分頃、千歳市泉沢の真町泉沢大通の市民スキー場から千歳方面へ約300メートル付近で南から北へ横断するクマの目撃情報がありました。十分ご注意ください。,2026-06-09,chitose-city_2022_2026-06-09.html,parsed from heading/body pattern; location extracted by directional movement before bear sighting phrase
千歳市,千歳市 2022年 ヒグマ目撃情報,https://www.city.chitose.lg.jp/c50/1002703/1002708/1003659.html,2022,13,6月20日(月曜日) 午前8時30分頃,千歳市泉沢の真町泉沢大通の道央自動車道高架下付近,目撃,6月20日(月曜日) 午前8時30分頃、千歳市泉沢の真町泉沢大通の道央自動車道高架下付近で南から北へ横断するクマの目撃情報がありました。十分ご注意ください。,2026-06-09,chitose-city_2022_2026-06-09.html,parsed from heading/body pattern; location extracted by directional movement before bear sighting phrase
千歳市,千歳市 2022年 ヒグマ目撃情報,https://www.city.chitose.lg.jp/c50/1002703/1002708/1003659.html,2022,12,6月18日(土曜日) 午後7時19分頃,千歳市泉沢の真町泉沢大通の道央自動車道高架下から千歳方面へ約300メートル付近,目撃,6月18日(土曜日) 午後7時19分頃、千歳市泉沢の真町泉沢大通の道央自動車道高架下から千歳方面へ約300メートル付近で北から南へ横断するクマの目撃情報がありました。十分ご注意ください。,2026-06-09,chitose-city_2022_2026-06-09.html,parsed from heading/body pattern; location extracted by directional movement before bear sighting phrase
千歳市,千歳市 2022年 ヒグマ目撃情報,https://www.city.chitose.lg.jp/c50/1002703/1002708/1003659.html,2022,11,6月8日(水曜日) 午前7時00分頃,千歳市幌美内の国道453号線と道道支笏湖線（78号線）とのT字路付近で国道,目撃,6月8日(水曜日) 午前7時00分頃、千歳市幌美内の国道453号線と道道支笏湖線（78号線）とのT字路付近で国道を南から北へ横断するクマの目撃情報がありました。十分ご注意ください。,2026-06-09,chitose-city_2022_2026-06-09.html,parsed from heading/body pattern; location extracted by location before directional crossing with を phrase
千歳市,千歳市 2022年 ヒグマ目撃情報,https://www.city.chitose.lg.jp/c50/1002703/1002708/1003659.html,2022,10,6月6日(月曜日) 午前9時50分頃,千歳市泉沢の道道支笏湖公園線（16号線）の孵化場入口バス停から支笏湖方面に300メートル進んだ付近の山林,目撃,6月6日(月曜日) 午前9時50分頃、千歳市泉沢の道道支笏湖公園線（16号線）の孵化場入口バス停から支笏湖方面に300メートル進んだ付近の山林でクマの目撃情報がありました。十分ご注意ください。,2026-06-09,chitose-city_2022_2026-06-09.html,parsed from heading/body pattern; location extracted by direct location before bear phrase
千歳市,千歳市 2022年 ヒグマ目撃情報,https://www.city.chitose.lg.jp/c50/1002703/1002708/1003659.html,2022,9,6月5日(日曜日) 午後4時00分頃,千歳市協和の千歳市協和共同墓地付近の畑,足跡,6月5日(日曜日) 午後4時00分頃、千歳市協和の千歳市協和共同墓地付近の畑でクマの足跡の発見情報がありました。十分ご注意ください。,2026-06-09,chitose-city_2022_2026-06-09.html,parsed from heading/body pattern; location extracted by direct location before bear phrase
千歳市,千歳市 2022年 ヒグマ目撃情報,https://www.city.chitose.lg.jp/c50/1002703/1002708/1003659.html,2022,8,6月4日(土曜日) 午前4時34分頃,千歳市蘭越の道道支笏湖公園線の烏柵舞橋付近,目撃,6月4日(土曜日) 午前4時34分頃、千歳市蘭越の道道支笏湖公園線の烏柵舞橋付近でクマの目撃情報がありました。十分ご注意ください。,2026-06-09,chitose-city_2022_2026-06-09.html,parsed from heading/body pattern; location extracted by direct location before bear phrase
千歳市,千歳市 2022年 ヒグマ目撃情報,https://www.city.chitose.lg.jp/c50/1002703/1002708/1003659.html,2022,7,6月3日(金曜日) 午後9時50分頃,真町泉沢大通の道央自動車道高架下付近,目撃,6月3日(金曜日) 午後9時50分頃、真町泉沢大通の道央自動車道高架下付近でクマの目撃情報がありました。十分ご注意ください。,2026-06-09,chitose-city_2022_2026-06-09.html,parsed from heading/body pattern; location extracted by direct location before bear phrase
千歳市,千歳市 2022年 ヒグマ目撃情報,https://www.city.chitose.lg.jp/c50/1002703/1002708/1003659.html,2022,6,5月19日(木曜日) 午前8時17分頃,千歳市若草4丁目の若草ヒツジ公園,目撃,5月19日(木曜日) 午前8時17分頃、千歳市若草4丁目の若草ヒツジ公園でクマの目撃情報がありました。十分ご注意ください。,2026-06-09,chitose-city_2022_2026-06-09.html,parsed from heading/body pattern; location extracted by direct location before bear phrase
千歳市,千歳市 2022年 ヒグマ目撃情報,https://www.city.chitose.lg.jp/c50/1002703/1002708/1003659.html,2022,5,5月17日(火曜日) 午前5時16分頃,千歳市白樺6丁目、若草2丁目付近,目撃,5月17日(火曜日) 午前5時16分頃から午前6時46分頃にかけて、千歳市白樺6丁目、若草2丁目付近でクマの目撃情報がありました。十分ご注意ください。,2026-06-09,chitose-city_2022_2026-06-09.html,parsed from heading/body pattern; location extracted by direct location before bear phrase
千歳市,千歳市 2022年 ヒグマ目撃情報,https://www.city.chitose.lg.jp/c50/1002703/1002708/1003659.html,2022,4,5月4日(水曜日) 午後2時00分頃,千歳市水明郷の水明郷パーキング東側付近,目撃,5月4日(水曜日) 午後2時00分頃、千歳市水明郷の水明郷パーキング東側付近でクマの目撃情報がありました。十分ご注意ください。,2026-06-09,chitose-city_2022_2026-06-09.html,parsed from heading/body pattern; location extracted by direct location before bear phrase
千歳市,千歳市 2022年 ヒグマ目撃情報,https://www.city.chitose.lg.jp/c50/1002703/1002708/1003659.html,2022,3,5月3日(火曜日) 午後8時05分頃,千歳市桜木4丁目のバス停付近で33号大通,目撃,5月3日(火曜日) 午後8時05分頃、千歳市桜木4丁目のバス停付近で33号大通を北から南へ横断するクマの目撃情報がありました。十分ご注意ください。,2026-06-09,chitose-city_2022_2026-06-09.html,parsed from heading/body pattern; location extracted by location before directional crossing with を phrase
千歳市,千歳市 2022年 ヒグマ目撃情報,https://www.city.chitose.lg.jp/c50/1002703/1002708/1003659.html,2022,2,4月18日(月曜日) 午前0時45分頃,千歳市大和2丁目のサイクリングロード上,目撃,4月18日(月曜日) 午前0時45分頃、千歳市大和2丁目のサイクリングロード上でクマの目撃情報がありました。十分ご注意ください。,2026-06-09,chitose-city_2022_2026-06-09.html,parsed from heading/body pattern; location extracted by direct location before bear phrase
千歳市,千歳市 2022年 ヒグマ目撃情報,https://www.city.chitose.lg.jp/c50/1002703/1002708/1003659.html,2022,1,3月12日(土曜日) 午後2時05分頃,千歳市泉沢の真町泉沢大通の市民スキー場付近,目撃,3月12日(土曜日) 午後2時05分頃、千歳市泉沢の真町泉沢大通の市民スキー場付近でクマの目撃情報がありました。十分ご注意ください。,2026-06-09,chitose-city_2022_2026-06-09.html,parsed from heading/body pattern; location extracted by direct location before bear phrase
千歳市,千歳市 2021年 ヒグマ目撃情報,https://www.city.chitose.lg.jp/c50/1002703/1002708/1003545.html,2021,56,12月6日(月曜日) 午後5時00分頃,千歳市青葉公園内の青葉球場付近,目撃,12月6日(月曜日) 午後5時00分頃、千歳市青葉公園内の青葉球場付近で2頭のクマの目撃情報がありました。十分ご注意ください。,2026-06-09,chitose-city_2021_2026-06-09.html,parsed from heading/body pattern; location extracted by direct location before bear phrase
千歳市,千歳市 2021年 ヒグマ目撃情報,https://www.city.chitose.lg.jp/c50/1002703/1002708/1003545.html,2021,55,11月7日(日曜日) 午後11時15分頃,千歳市桜木3丁目の勇舞すこやか公園内,目撃,11月7日(日曜日) 午後11時15分頃、千歳市桜木3丁目の勇舞すこやか公園内でクマの目撃情報がありました。十分ご注意ください。,2026-06-09,chitose-city_2021_2026-06-09.html,parsed from heading/body pattern; location extracted by direct location before bear phrase
千歳市,千歳市 2021年 ヒグマ目撃情報,https://www.city.chitose.lg.jp/c50/1002703/1002708/1003545.html,2021,54,10月20日(水曜日) 午後5時40分頃,千歳市泉沢の道道泉沢新千歳空港線と真町泉沢大通のT字路付近,目撃,10月20日(水曜日) 午後5時40分頃、千歳市泉沢の道道泉沢新千歳空港線と真町泉沢大通のT字路付近でクマの目撃情報がありました。十分ご注意ください。,2026-06-09,chitose-city_2021_2026-06-09.html,parsed from heading/body pattern; location extracted by direct location before bear phrase
千歳市,千歳市 2021年 ヒグマ目撃情報,https://www.city.chitose.lg.jp/c50/1002703/1002708/1003545.html,2021,53,10月19日(火曜日) 午後5時23分頃,千歳市泉沢の真町泉沢大通の千歳インターチェンジ手前の交差点を向陽台方面へ800メートル進んだ付近,目撃,10月19日(火曜日) 午後5時23分頃、千歳市泉沢の真町泉沢大通の千歳インターチェンジ手前の交差点を向陽台方面へ800メートル進んだ付近でヒグマの目撃情報がありました。十分ご注意ください。,2026-06-09,chitose-city_2021_2026-06-09.html,parsed from heading/body pattern; location extracted by direct location before bear phrase
千歳市,千歳市 2021年 ヒグマ目撃情報,https://www.city.chitose.lg.jp/c50/1002703/1002708/1003545.html,2021,52,10月14日(木曜日) 午前7時45分頃,千歳市水明郷の国道453号線の分岐点バス停から支笏湖方面に約800メートル西へ進んだ付近（苫小牧市丸山）,目撃,10月14日(木曜日) 午前7時45分頃、千歳市水明郷の国道453号線の分岐点バス停から支笏湖方面に約800メートル西へ進んだ付近（苫小牧市丸山）でクマの目撃情報がありました。十分ご注意ください。,2026-06-09,chitose-city_2021_2026-06-09.html,parsed from heading/body pattern; location extracted by direct location before bear phrase
千歳市,千歳市 2021年 ヒグマ目撃情報,https://www.city.chitose.lg.jp/c50/1002703/1002708/1003545.html,2021,51,10月13日(水曜日) 午後3時50分頃,千歳市水明郷の国道453号線の滝の上バス停付近,目撃,10月13日(水曜日) 午後3時50分頃、千歳市水明郷の国道453号線の滝の上バス停付近でクマの目撃情報がありました。十分ご注意ください。,2026-06-09,chitose-city_2021_2026-06-09.html,parsed from heading/body pattern; location extracted by direct location before bear phrase
千歳市,千歳市 2021年 ヒグマ目撃情報,https://www.city.chitose.lg.jp/c50/1002703/1002708/1003545.html,2021,50,10月8日(金曜日) 午前2時15分頃,千歳市泉沢の道道泉沢新千歳空港線のハヤブサ公園から西へ500メートル進んだ付近,目撃,10月8日(金曜日) 午前2時15分頃、千歳市泉沢の道道泉沢新千歳空港線のハヤブサ公園から西へ500メートル進んだ付近でクマの目撃情報がありました。十分ご注意ください。,2026-06-09,chitose-city_2021_2026-06-09.html,parsed from heading/body pattern; location extracted by direct location before bear phrase
千歳市,千歳市 2021年 ヒグマ目撃情報,https://www.city.chitose.lg.jp/c50/1002703/1002708/1003545.html,2021,49,10月6日(水曜日) 午後7時50分頃,千歳市幌美内の国道453号線の支笏湖駐車場付近,目撃,10月6日(水曜日) 午後7時50分頃、千歳市幌美内の国道453号線の支笏湖駐車場付近で親子とみられるクマの目撃情報がありました。十分ご注意ください。,2026-06-09,chitose-city_2021_2026-06-09.html,parsed from heading/body pattern; location extracted by direct location before bear phrase
千歳市,千歳市 2021年 ヒグマ目撃情報,https://www.city.chitose.lg.jp/c50/1002703/1002708/1003545.html,2021,48,10月4日(月曜日) 午後3時30分頃,千歳市泉沢の真町泉沢大通の千歳インターチェンジ手前の交差点を向陽台方面へ300メートル進んだ付近,目撃,10月4日(月曜日) 午後3時30分頃、千歳市泉沢の真町泉沢大通の千歳インターチェンジ手前の交差点を向陽台方面へ300メートル進んだ付近でクマの目撃情報がありました。十分ご注意ください。,2026-06-09,chitose-city_2021_2026-06-09.html,parsed from heading/body pattern; location extracted by direct location before bear phrase
千歳市,千歳市 2021年 ヒグマ目撃情報,https://www.city.chitose.lg.jp/c50/1002703/1002708/1003545.html,2021,47,10月3日(日曜日) 午後1時40分頃,千歳市水明郷の道道支笏湖公園線の王子製紙第一発電所付近のカーブから東へ約2.5キロメートル進んだ付近,目撃,10月3日(日曜日) 午後1時40分頃、千歳市水明郷の道道支笏湖公園線の王子製紙第一発電所付近のカーブから東へ約2.5キロメートル進んだ付近でクマの目撃情報がありました。十分ご注意ください。,2026-06-09,chitose-city_2021_2026-06-09.html,parsed from heading/body pattern; location extracted by direct location before bear phrase
千歳市,千歳市 2021年 ヒグマ目撃情報,https://www.city.chitose.lg.jp/c50/1002703/1002708/1003545.html,2021,46,9月28日(火曜日) 午後2時30分頃,千歳市水明郷の道道支笏湖公園線の王子製紙第一発電所付近のカーブから東へ約1.3キロメートル進んだサイクリングロード付近,目撃,9月28日(火曜日) 午後2時30分頃、千歳市水明郷の道道支笏湖公園線の王子製紙第一発電所付近のカーブから東へ約1.3キロメートル進んだサイクリングロード付近でクマの目撃情報がありました。十分ご注意ください。,2026-06-09,chitose-city_2021_2026-06-09.html,parsed from heading/body pattern; location extracted by direct location before bear phrase
千歳市,千歳市 2021年 ヒグマ目撃情報,https://www.city.chitose.lg.jp/c50/1002703/1002708/1003545.html,2021,45,9月26日(日曜日) 午後7時35分頃,千歳市泉沢の道央自動車道近くのママチ川に架かる橋付近,目撃,9月26日(日曜日) 午後7時35分頃、千歳市泉沢の道央自動車道近くのママチ川に架かる橋付近でクマの目撃情報がありました。十分ご注意ください。,2026-06-09,chitose-city_2021_2026-06-09.html,parsed from heading/body pattern; location extracted by direct location before bear phrase
千歳市,千歳市 2021年 ヒグマ目撃情報,https://www.city.chitose.lg.jp/c50/1002703/1002708/1003545.html,2021,44,9月15日(水曜日) 午前7時52分頃,千歳市水明郷の道道支笏湖公園線（16号線）の東烏柵舞バス停付近,目撃,9月15日(水曜日) 午前7時52分頃、千歳市水明郷の道道支笏湖公園線（16号線）の東烏柵舞バス停付近で北から南へ横断するクマの目撃情報がありました。十分ご注意ください。,2026-06-09,chitose-city_2021_2026-06-09.html,parsed from heading/body pattern; location extracted by directional movement before bear sighting phrase
千歳市,千歳市 2021年 ヒグマ目撃情報,https://www.city.chitose.lg.jp/c50/1002703/1002708/1003545.html,2021,43,9月14日(火曜日) 午後3時30分頃,千歳市藤の沢の道道支笏湖公園線（16号線）から烏柵舞林道を約4キロメートル進んだ付近,目撃,9月14日(火曜日) 午後3時30分頃、千歳市藤の沢の道道支笏湖公園線（16号線）から烏柵舞林道を約4キロメートル進んだ付近でクマの目撃情報がありました。十分ご注意ください。,2026-06-09,chitose-city_2021_2026-06-09.html,parsed from heading/body pattern; location extracted by direct location before bear phrase
千歳市,千歳市 2021年 ヒグマ目撃情報,https://www.city.chitose.lg.jp/c50/1002703/1002708/1003545.html,2021,42,9月6日(月曜日) 午後9時10分頃,千歳市美笛の国道276号線の千歳橋から千歳方面へ約100メートルの付近,目撃,9月6日(月曜日) 午後9時10分頃、千歳市美笛の国道276号線の千歳橋から千歳方面へ約100メートルの付近で北から南へ横断するクマの目撃情報がありました。十分ご注意ください。,2026-06-09,chitose-city_2021_2026-06-09.html,parsed from heading/body pattern; location extracted by directional movement before bear sighting phrase
千歳市,千歳市 2021年 ヒグマ目撃情報,https://www.city.chitose.lg.jp/c50/1002703/1002708/1003545.html,2021,41,9月2日(木曜日) 午後2時40分頃,千歳市新川の道道幌内三川停車場線の黒沢橋から西へ約1.8キロメートル進んだ森林,足跡,9月2日(木曜日) 午後2時40分頃、千歳市新川の道道幌内三川停車場線の黒沢橋から西へ約1.8キロメートル進んだ森林でクマの足跡の発見情報がありました。十分ご注意ください。,2026-06-09,chitose-city_2021_2026-06-09.html,parsed from heading/body pattern; location extracted by direct location before bear phrase
千歳市,千歳市 2021年 ヒグマ目撃情報,https://www.city.chitose.lg.jp/c50/1002703/1002708/1003545.html,2021,40,9月3日(金曜日) 午前7時30分頃,千歳市駒里の道道早来千歳線のホカンカニ橋から南東へ約1キロメートル進んだ付近の畑,足跡,"9月3日(金曜日) 午前7時30分頃、千歳市駒里の道道早来千歳線のホカンカニ橋から南東へ約1キロメートル進んだ付近の畑でクマの足跡の発見情報がありました。十分ご注意ください。
9月3日 ヒグマの足跡発見場所",2026-06-09,chitose-city_2021_2026-06-09.html,parsed from heading/body pattern; location extracted by direct location before bear phrase
千歳市,千歳市 2021年 ヒグマ目撃情報,https://www.city.chitose.lg.jp/c50/1002703/1002708/1003545.html,2021,39,8月29日(日曜日) 午前10時00分頃,千歳市協和の道道舞鶴追分線の第一近唐橋付近の畑,目撃,8月29日(日曜日) 午前10時00分頃、千歳市協和の道道舞鶴追分線の第一近唐橋付近の畑でクマの目撃情報がありました。十分ご注意ください。,2026-06-09,chitose-city_2021_2026-06-09.html,parsed from heading/body pattern; location extracted by direct location before bear phrase
千歳市,千歳市 2021年 ヒグマ目撃情報,https://www.city.chitose.lg.jp/c50/1002703/1002708/1003545.html,2021,38,8月27日(金曜日) 午後1時57分頃,千歳市西森の道道支笏湖公園線（16号線）の丸山縦断林道入口,目撃,8月27日(金曜日) 午後1時57分頃、千歳市西森の道道支笏湖公園線（16号線）の丸山縦断林道入口でクマの目撃情報がありました。十分ご注意ください。,2026-06-09,chitose-city_2021_2026-06-09.html,parsed from heading/body pattern; location extracted by direct location before bear phrase
千歳市,千歳市 2021年 ヒグマ目撃情報,https://www.city.chitose.lg.jp/c50/1002703/1002708/1003545.html,2021,37,8月27日(金曜日) 午後1時05分頃,千歳市西森の道道支笏湖公園線（16号線）の王子製紙第三発電所入口付近の道路脇,目撃,8月27日(金曜日) 午後1時05分頃、千歳市西森の道道支笏湖公園線（16号線）の王子製紙第三発電所入口付近の道路脇にいるクマの目撃情報がありました。十分ご注意ください。,2026-06-09,chitose-city_2021_2026-06-09.html,parsed from heading/body pattern; location extracted by bear staying phrase
千歳市,千歳市 2021年 ヒグマ目撃情報,https://www.city.chitose.lg.jp/c50/1002703/1002708/1003545.html,2021,36,8月26日(木曜日) 午後3時15分頃,千歳市水明郷の道道支笏湖公園線（16号線）の王子製紙第三発電所入口から東へ約300メートル進んだサイクリングロード上,目撃,8月26日(木曜日) 午後3時15分頃、千歳市水明郷の道道支笏湖公園線（16号線）の王子製紙第三発電所入口から東へ約300メートル進んだサイクリングロード上でクマの目撃情報がありました。十分ご注意ください。,2026-06-09,chitose-city_2021_2026-06-09.html,parsed from heading/body pattern; location extracted by direct location before bear phrase
千歳市,千歳市 2021年 ヒグマ目撃情報,https://www.city.chitose.lg.jp/c50/1002703/1002708/1003545.html,2021,35,8月21日(土曜日) 午後4時00分頃,千歳市水明郷の道道支笏湖公園線（16号線）の王子製紙第三発電所入口から東へ約200メートル進んだサイクリングロード上,目撃,8月21日(土曜日) 午後4時00分頃、千歳市水明郷の道道支笏湖公園線（16号線）の王子製紙第三発電所入口から東へ約200メートル進んだサイクリングロード上でクマの目撃情報がありました。十分ご注意ください。,2026-06-09,chitose-city_2021_2026-06-09.html,parsed from heading/body pattern; location extracted by direct location before bear phrase
千歳市,千歳市 2021年 ヒグマ目撃情報,https://www.city.chitose.lg.jp/c50/1002703/1002708/1003545.html,2021,34,8月21日(土曜日) 午前11時45分頃,千歳市水明郷の道道支笏湖公園線（16号線）の烏柵舞林道入口付近,目撃,8月21日(土曜日) 午前11時45分頃、千歳市水明郷の道道支笏湖公園線（16号線）の烏柵舞林道入口付近で水明郷から泉沢方向に道路を横断するクマの目撃情報がありました。十分ご注意ください。,2026-06-09,chitose-city_2021_2026-06-09.html,parsed from heading/body pattern; location extracted by road crossing before bear sighting phrase
千歳市,千歳市 2021年 ヒグマ目撃情報,https://www.city.chitose.lg.jp/c50/1002703/1002708/1003545.html,2021,33,8月20日(金曜日) 午後2時05分頃,千歳市水明郷の道道支笏湖公園線の王子製紙第一発電所付近のカーブから東へ約1.3キロメートル進んだサイクリングロード付近,目撃,8月20日(金曜日) 午後2時05分頃、千歳市水明郷の道道支笏湖公園線の王子製紙第一発電所付近のカーブから東へ約1.3キロメートル進んだサイクリングロード付近でクマの目撃情報がありました。十分ご注意ください。,2026-06-09,chitose-city_2021_2026-06-09.html,parsed from heading/body pattern; location extracted by direct location before bear phrase
千歳市,千歳市 2021年 ヒグマ目撃情報,https://www.city.chitose.lg.jp/c50/1002703/1002708/1003545.html,2021,32,8月17日(火曜日) 午前10時52分頃,千歳市泉沢の真町泉沢大通から市道泉沢藤の沢線を約5キロメートル進んだ付近,目撃,8月17日(火曜日) 午前10時52分頃、千歳市泉沢の真町泉沢大通から市道泉沢藤の沢線を約5キロメートル進んだ付近でクマの目撃情報がありました。十分ご注意ください。,2026-06-09,chitose-city_2021_2026-06-09.html,parsed from heading/body pattern; location extracted by direct location before bear phrase
千歳市,千歳市 2021年 ヒグマ目撃情報,https://www.city.chitose.lg.jp/c50/1002703/1002708/1003545.html,2021,31,8月14日(土曜日) 午後12時30分頃,千歳市駒里の千歳市営牧場付近,目撃,8月14日(土曜日) 午後12時30分頃、千歳市駒里の千歳市営牧場付近でクマの目撃情報がありました。十分ご注意ください。,2026-06-09,chitose-city_2021_2026-06-09.html,parsed from heading/body pattern; location extracted by direct location before bear phrase
千歳市,千歳市 2021年 ヒグマ目撃情報,https://www.city.chitose.lg.jp/c50/1002703/1002708/1003545.html,2021,30,8月13日(金曜日) 午後4時00分頃,千歳市水明郷の道道支笏湖公園線（16号線）の孵化場入口バス停付近,目撃,8月13日(金曜日) 午後4時00分頃、千歳市水明郷の道道支笏湖公園線（16号線）の孵化場入口バス停付近で泉沢から水明郷方向に道路を横断するクマの目撃情報がありました。十分ご注意ください。,2026-06-09,chitose-city_2021_2026-06-09.html,parsed from heading/body pattern; location extracted by road crossing before bear sighting phrase
千歳市,千歳市 2021年 ヒグマ目撃情報,https://www.city.chitose.lg.jp/c50/1002703/1002708/1003545.html,2021,29,8月13日(金曜日) 午前8時30分頃,千歳市協和の協和神社から道道舞鶴追分線を北西へ約1.5キロメートル進んだ付近の畑,足跡,8月13日(金曜日) 午前8時30分頃、千歳市協和の協和神社から道道舞鶴追分線を北西へ約1.5キロメートル進んだ付近の畑でクマの足跡の発見情報がありました。十分ご注意ください。,2026-06-09,chitose-city_2021_2026-06-09.html,parsed from heading/body pattern; location extracted by direct location before bear phrase
千歳市,千歳市 2021年 ヒグマ目撃情報,https://www.city.chitose.lg.jp/c50/1002703/1002708/1003545.html,2021,28,8月8日(日曜日) 午前11時35分頃,千歳市泉沢の真町泉沢大通の市民スキー場付近,目撃,8月8日(日曜日) 午前11時35分頃、千歳市泉沢の真町泉沢大通の市民スキー場付近でクマの目撃情報がありました。十分ご注意ください。,2026-06-09,chitose-city_2021_2026-06-09.html,parsed from heading/body pattern; location extracted by direct location before bear phrase
千歳市,千歳市 2021年 ヒグマ目撃情報,https://www.city.chitose.lg.jp/c50/1002703/1002708/1003545.html,2021,27,8月6日(金曜日) 午後2時50分頃,道道支笏湖公園線の王子製紙第一発電所付近のカーブから東へ約2.5キロメートル進んだサイクリングロード上,目撃,8月6日(金曜日) 午後2時50分頃、道道支笏湖公園線の王子製紙第一発電所付近のカーブから東へ約2.5キロメートル進んだサイクリングロード上でクマの目撃情報がありました。十分ご注意ください。,2026-06-09,chitose-city_2021_2026-06-09.html,parsed from heading/body pattern; location extracted by direct location before bear phrase
千歳市,千歳市 2021年 ヒグマ目撃情報,https://www.city.chitose.lg.jp/c50/1002703/1002708/1003545.html,2021,26,8月5日(木曜日) 午前6時00分頃,千歳市泉沢の真町泉沢大通から市道泉沢藤の沢線を約2キロメートル進んだ付近,目撃,8月5日(木曜日) 午前6時00分頃、千歳市泉沢の真町泉沢大通から市道泉沢藤の沢線を約2キロメートル進んだ付近でクマの目撃情報がありました。十分ご注意ください。,2026-06-09,chitose-city_2021_2026-06-09.html,parsed from heading/body pattern; location extracted by direct location before bear phrase
千歳市,千歳市 2021年 ヒグマ目撃情報,https://www.city.chitose.lg.jp/c50/1002703/1002708/1003545.html,2021,25,8月3日(火曜日) 午後1時50分頃,千歳市泉沢の道央自動車道近くのママチ川に架かる橋付近,目撃,8月3日(火曜日) 午後1時50分頃、千歳市泉沢の道央自動車道近くのママチ川に架かる橋付近でクマの目撃情報がありました。十分ご注意ください。,2026-06-09,chitose-city_2021_2026-06-09.html,parsed from heading/body pattern; location extracted by direct location before bear phrase
千歳市,千歳市 2021年 ヒグマ目撃情報,https://www.city.chitose.lg.jp/c50/1002703/1002708/1003545.html,2021,24,8月2日(月曜日) 午後2時30分頃,千歳市若草5丁目の泉沢西通付近の森林,目撃,8月2日(月曜日) 午後2時30分頃、千歳市若草5丁目の泉沢西通付近の森林でクマの目撃情報がありました。十分ご注意ください。,2026-06-09,chitose-city_2021_2026-06-09.html,parsed from heading/body pattern; location extracted by direct location before bear phrase
千歳市,千歳市 2021年 ヒグマ目撃情報,https://www.city.chitose.lg.jp/c50/1002703/1002708/1003545.html,2021,23,7月27日(火曜日) 午前11時45分頃,千歳市水明郷の道道支笏湖公園線の分岐点バス停から千歳方面に約800メートル進んだ付近,目撃,7月27日(火曜日) 午前11時45分頃、千歳市水明郷の道道支笏湖公園線の分岐点バス停から千歳方面に約800メートル進んだ付近で西から東へ横断するクマの目撃情報がありました。十分ご注意ください。,2026-06-09,chitose-city_2021_2026-06-09.html,parsed from heading/body pattern; location extracted by directional movement before bear sighting phrase
千歳市,千歳市 2021年 ヒグマ目撃情報,https://www.city.chitose.lg.jp/c50/1002703/1002708/1003545.html,2021,22,7月25日(日曜日) 午後12時15分頃,千歳市水明郷の王子製紙第一発電所付近,目撃,7月25日(日曜日) 午後12時15分頃、千歳市水明郷の王子製紙第一発電所付近でクマの目撃情報がありました。十分ご注意ください。,2026-06-09,chitose-city_2021_2026-06-09.html,parsed from heading/body pattern; location extracted by direct location before bear phrase
千歳市,千歳市 2021年 ヒグマ目撃情報,https://www.city.chitose.lg.jp/c50/1002703/1002708/1003545.html,2021,21,7月25日(日曜日) 午前8時35分頃,千歳市西森の道道支笏湖公園線、王子製紙第一発電所付近のカーブ,目撃,7月25日(日曜日) 午前8時35分頃、千歳市西森の道道支笏湖公園線、王子製紙第一発電所付近のカーブでクマの目撃情報がありました。十分ご注意ください。,2026-06-09,chitose-city_2021_2026-06-09.html,parsed from heading/body pattern; location extracted by direct location before bear phrase
千歳市,千歳市 2021年 ヒグマ目撃情報,https://www.city.chitose.lg.jp/c50/1002703/1002708/1003545.html,2021,20,7月24日(土曜日) 午前7時50分頃,千歳市泉沢の真町泉沢大通の千歳インターチェンジ手前の交差点を向陽台方面へ400メートル進んだ付近,目撃,7月24日(土曜日) 午前7時50分頃、千歳市泉沢の真町泉沢大通の千歳インターチェンジ手前の交差点を向陽台方面へ400メートル進んだ付近でクマの目撃情報がありました。十分ご注意ください。,2026-06-09,chitose-city_2021_2026-06-09.html,parsed from heading/body pattern; location extracted by direct location before bear phrase
千歳市,千歳市 2021年 ヒグマ目撃情報,https://www.city.chitose.lg.jp/c50/1002703/1002708/1003545.html,2021,19,7月19日(月曜日) 午前2時00分頃,千歳市泉沢の泉沢自然の森付近,目撃,7月19日(月曜日) 午前2時00分頃、千歳市泉沢の泉沢自然の森付近でクマの目撃情報がありました。十分ご注意ください。,2026-06-09,chitose-city_2021_2026-06-09.html,parsed from heading/body pattern; location extracted by direct location before bear phrase
千歳市,千歳市 2021年 ヒグマ目撃情報,https://www.city.chitose.lg.jp/c50/1002703/1002708/1003545.html,2021,18,7月18日(日曜日) 午後4時00分頃,千歳市平和の道道泉沢新千歳空港線の新千歳空港インターチェンジから東へ2キロメートル付近,目撃,7月18日(日曜日) 午後4時00分頃、千歳市平和の道道泉沢新千歳空港線の新千歳空港インターチェンジから東へ2キロメートル付近を南から北へ横断するクマの目撃情報がありました。十分ご注意ください。,2026-06-09,chitose-city_2021_2026-06-09.html,parsed from heading/body pattern; location extracted by location before directional crossing with を phrase
千歳市,千歳市 2021年 ヒグマ目撃情報,https://www.city.chitose.lg.jp/c50/1002703/1002708/1003545.html,2021,17,7月16日(金曜日) 午後8時28分頃,千歳市泉沢の泉沢東大通の市民スキー場駐車場付近,目撃,7月16日(金曜日) 午後8時28分頃、千歳市泉沢の泉沢東大通の市民スキー場駐車場付近でクマの目撃情報がありました。十分ご注意ください。,2026-06-09,chitose-city_2021_2026-06-09.html,parsed from heading/body pattern; location extracted by direct location before bear phrase
千歳市,千歳市 2021年 ヒグマ目撃情報,https://www.city.chitose.lg.jp/c50/1002703/1002708/1003545.html,2021,16,7月13日(火曜日) 午後4時54分頃,千歳市泉沢の真町泉沢大通の市民スキー場付近,目撃,7月13日(火曜日) 午後4時54分頃、千歳市泉沢の真町泉沢大通の市民スキー場付近でクマの目撃情報がありました。十分ご注意ください。,2026-06-09,chitose-city_2021_2026-06-09.html,parsed from heading/body pattern; location extracted by direct location before bear phrase
千歳市,千歳市 2021年 ヒグマ目撃情報,https://www.city.chitose.lg.jp/c50/1002703/1002708/1003545.html,2021,15,7月11日(日曜日) 午後7時00分頃,千歳市中央の中央コミュニティセンターの東側、高規格道路高架下付近,目撃,7月11日(日曜日) 午後7時00分頃、千歳市中央の中央コミュニティセンターの東側、高規格道路高架下付近でクマの目撃情報がありました。十分ご注意ください。,2026-06-09,chitose-city_2021_2026-06-09.html,parsed from heading/body pattern; location extracted by direct location before bear phrase
千歳市,千歳市 2021年 ヒグマ目撃情報,https://www.city.chitose.lg.jp/c50/1002703/1002708/1003545.html,2021,14,7月5日(月曜日) 午後12時20分頃,千歳市平和の道道泉沢新千歳空港線の新千歳空港インターチェンジから東へ2キロメートル付近,目撃,7月5日(月曜日) 午後12時20分頃、千歳市平和の道道泉沢新千歳空港線の新千歳空港インターチェンジから東へ2キロメートル付近を北から南へ横断するクマの目撃情報がありました。十分ご注意ください。,2026-06-09,chitose-city_2021_2026-06-09.html,parsed from heading/body pattern; location extracted by location before directional crossing with を phrase
千歳市,千歳市 2021年 ヒグマ目撃情報,https://www.city.chitose.lg.jp/c50/1002703/1002708/1003545.html,2021,13,7月3日(土曜日) 午後3時40分頃,道道支笏湖公園線の王子製紙第一発電所付近のカーブから東へ約1キロメートルほど進んだサイクリングロード上,目撃,7月3日(土曜日) 午後3時40分頃、道道支笏湖公園線の王子製紙第一発電所付近のカーブから東へ約1キロメートルほど進んだサイクリングロード上でクマの目撃情報がありました。十分ご注意ください。,2026-06-09,chitose-city_2021_2026-06-09.html,parsed from heading/body pattern; location extracted by direct location before bear phrase
千歳市,千歳市 2021年 ヒグマ目撃情報,https://www.city.chitose.lg.jp/c50/1002703/1002708/1003545.html,2021,12,6月30日(水曜日) 午後1時00分頃,千歳市支寒内の風不死岳登山道（北尾根コース）5合目付近,目撃,6月30日(水曜日) 午後1時00分頃、千歳市支寒内の風不死岳登山道（北尾根コース）5合目付近でクマの目撃情報がありました。十分ご注意ください。,2026-06-09,chitose-city_2021_2026-06-09.html,parsed from heading/body pattern; location extracted by direct location before bear phrase
千歳市,千歳市 2021年 ヒグマ目撃情報,https://www.city.chitose.lg.jp/c50/1002703/1002708/1003545.html,2021,11,6月28日(月曜日) 午後3時30分頃,千歳市東丘の市道東丘泉郷線と国道234号線の交差点から東へ約3キロメートルの畑,フン,6月28日(月曜日) 午後3時30分頃、千歳市東丘の市道東丘泉郷線と国道234号線の交差点から東へ約3キロメートルの畑でクマのフンの発見情報がありました。十分ご注意ください。,2026-06-09,chitose-city_2021_2026-06-09.html,parsed from heading/body pattern; location extracted by direct location before bear phrase
千歳市,千歳市 2021年 ヒグマ目撃情報,https://www.city.chitose.lg.jp/c50/1002703/1002708/1003545.html,2021,10,6月23日(水曜日) 午前4時00分頃,千歳市東丘の第3東丘橋付近の畑,足跡,6月23日(水曜日) 午前4時00分頃、千歳市東丘の第3東丘橋付近の畑でクマの足跡の発見情報がありました。十分ご注意ください。,2026-06-09,chitose-city_2021_2026-06-09.html,parsed from heading/body pattern; location extracted by direct location before bear phrase
千歳市,千歳市 2021年 ヒグマ目撃情報,https://www.city.chitose.lg.jp/c50/1002703/1002708/1003545.html,2021,9,6月22日(火曜日) 午後10時20分頃,千歳市水明郷の道道支笏湖公園線（16号線）の孵化場入口バス停付近で、路上,目撃,6月22日(火曜日) 午後10時20分頃、千歳市水明郷の道道支笏湖公園線（16号線）の孵化場入口バス停付近で、路上にいるクマの目撃情報がありました。十分ご注意ください。,2026-06-09,chitose-city_2021_2026-06-09.html,parsed from heading/body pattern; location extracted by bear staying phrase
千歳市,千歳市 2021年 ヒグマ目撃情報,https://www.city.chitose.lg.jp/c50/1002703/1002708/1003545.html,2021,8,6月22日(火曜日) 午前11時00分頃,千歳市平和の道央自動車道と航空自衛隊千歳基地の間にある林道付近,目撃,6月22日(火曜日) 午前11時00分頃、千歳市平和の道央自動車道と航空自衛隊千歳基地の間にある林道付近でクマの目撃情報がありました。十分ご注意ください。,2026-06-09,chitose-city_2021_2026-06-09.html,parsed from heading/body pattern; location extracted by direct location before bear phrase
千歳市,千歳市 2021年 ヒグマ目撃情報,https://www.city.chitose.lg.jp/c50/1002703/1002708/1003545.html,2021,7,6月22日(火曜日) 午前7時25分頃,千歳市水明郷の道道支笏湖公園線（16号線）の孵化場入口バス停付近,目撃,6月22日(火曜日) 午前7時25分頃、千歳市水明郷の道道支笏湖公園線（16号線）の孵化場入口バス停付近で水明郷から泉沢方向に道路を横断するクマの目撃情報がありました。十分ご注意ください。,2026-06-09,chitose-city_2021_2026-06-09.html,parsed from heading/body pattern; location extracted by road crossing before bear sighting phrase
千歳市,千歳市 2021年 ヒグマ目撃情報,https://www.city.chitose.lg.jp/c50/1002703/1002708/1003545.html,2021,6,6月21日(月曜日) 午前10時00分頃,千歳市協和の道道舞鶴追分線（226号線）と道東自動車道が交差する付近から東へ600メートルの森林,フン,6月21日(月曜日) 午前10時00分頃、千歳市協和の道道舞鶴追分線（226号線）と道東自動車道が交差する付近から東へ600メートルの森林でクマのフンの発見情報がありました。十分ご注意ください。,2026-06-09,chitose-city_2021_2026-06-09.html,parsed from heading/body pattern; location extracted by direct location before bear phrase
千歳市,千歳市 2021年 ヒグマ目撃情報,https://www.city.chitose.lg.jp/c50/1002703/1002708/1003545.html,2021,5,6月20日(日曜日) 午前10時00分頃,千歳市平和の道央自動車道近くのママチ川に架かる橋付近,目撃,6月20日(日曜日) 午前10時00分頃、千歳市平和の道央自動車道近くのママチ川に架かる橋付近でクマの目撃情報がありました。十分ご注意ください。,2026-06-09,chitose-city_2021_2026-06-09.html,parsed from heading/body pattern; location extracted by direct location before bear phrase
千歳市,千歳市 2021年 ヒグマ目撃情報,https://www.city.chitose.lg.jp/c50/1002703/1002708/1003545.html,2021,4,6月17日(木曜日) 午前10時50分頃,千歳市平和の道央自動車道と航空自衛隊千歳基地の間にある林道付近,足跡,6月17日(木曜日) 午前10時50分頃、千歳市平和の道央自動車道と航空自衛隊千歳基地の間にある林道付近でクマの足跡の発見情報がありました。十分ご注意ください。,2026-06-09,chitose-city_2021_2026-06-09.html,parsed from heading/body pattern; location extracted by direct location before bear phrase
千歳市,千歳市 2021年 ヒグマ目撃情報,https://www.city.chitose.lg.jp/c50/1002703/1002708/1003545.html,2021,3,6月13日(日曜日) 午後4時45分頃,千歳市平和の道央自動車道と航空自衛隊千歳基地の間にある林道上,目撃,6月13日(日曜日) 午後4時45分頃、千歳市平和の道央自動車道と航空自衛隊千歳基地の間にある林道上でクマの目撃情報がありました。十分ご注意ください。,2026-06-09,chitose-city_2021_2026-06-09.html,parsed from heading/body pattern; location extracted by direct location before bear phrase
千歳市,千歳市 2021年 ヒグマ目撃情報,https://www.city.chitose.lg.jp/c50/1002703/1002708/1003545.html,2021,2,5月27日(木曜日) 午後4時40分頃,柏陽5丁目付近、泉沢を流れるママチ川支流域の森林,目撃,5月27日(木曜日) 午後4時40分頃、柏陽5丁目付近、泉沢を流れるママチ川支流域の森林でクマの目撃情報がありました。十分ご注意ください。,2026-06-09,chitose-city_2021_2026-06-09.html,parsed from heading/body pattern; location extracted by direct location before bear phrase
千歳市,千歳市 2021年 ヒグマ目撃情報,https://www.city.chitose.lg.jp/c50/1002703/1002708/1003545.html,2021,1,4月28日(水曜日)昼の12時30分頃,泉沢自然の森付近,目撃,"4月28日(水曜日)昼の12時30分頃、泉沢自然の森付近でクマの目撃情報がありました。十分ご注意ください。
4月28日 ヒグマ目撃場所",2026-06-09,chitose-city_2021_2026-06-09.html,parsed from heading/body pattern; location extracted by direct location before bear phrase
